unix_time,candlestick_low,candlestick_high,candlestick_open,candlestick_close,USD_volume,crypto
1662076800,19954.41,20294.46,20132.67,20149.09,5174.79126638,BTC
1661990400,19561.01,20205.53,20048.27,20133.65,23858.64862602,BTC
1661904000,19799.97,20489,19813.97,20048.26,36587.60323535,BTC
1661817600,19540.14,20582.64,20286.95,19813.17,46462.27938622,BTC
1661731200,19545.57,20427.19,19552.31,20286.97,33436.35652183,BTC
1661644800,19513.74,20164.26,20035.3,19554.03,17117.31912737,BTC
1661558400,19800,20389.14,20240.63,20036.69,22160.97938125,BTC
1661472000,20112.78,21878.05,21561.49,20240.72,37169.02639568,BTC
1661385600,21307.32,21818.32,21367.12,21561.86,17065.2835044,BTC
1661299200,21147.41,21925,21526.74,21367.12,22538.91385671,BTC
1661212800,20889.69,21679.52,21396.37,21528.34,22744.05096265,BTC
1661126400,20889.69,21540,21514.45,21398.25,26215.93682469,BTC
1661040000,21067.33,21795.08,21139.22,21518.62,16024.82128336,BTC
1660953600,20760.93,21372.93,20834.94,21139.23,21809.4048831,BTC
1660867200,20782.39,23206.76,23188.94,20834.94,45962.7257428,BTC
1660780800,23107.27,23600,23344.42,23189.46,13825.6308966,BTC
1660694400,23180.14,24448.49,23857.89,23341.17,22747.43895287,BTC
1660608000,23668,24253.98,24099.7,23857.93,19601.90580439,BTC
1660521600,23777,25214.57,24316.58,24097.82,27821.25610894,BTC
1660435200,24151.63,25054.1,24456.17,24316.71,23306.17100393,BTC
1660348800,24302.36,24898.91,24415.08,24456.49,13678.30446343,BTC
1660262400,23600.01,24463.01,23944.85,24415.18,17244.15100332,BTC
1660176000,23862.66,24929.99,23959.3,23944.86,29681.35922757,BTC
1660089600,22666.23,24224.67,23158.32,23962.18,25974.49772434,BTC
1660003200,22871.66,23929.35,23815.68,23158.27,22349.07822206,BTC
1659916800,23158.32,24251.08,23180.26,23815.65,24093.33217697,BTC
1659830400,22852.13,23405.02,22960.86,23177.39,8297.19227173,BTC
1659744000,22917.49,23357.19,23320.71,22960.93,9285.19244923,BTC
1659657600,22589.83,23478.58,22624.44,23320.81,26745.91293062,BTC
1659571200,22392.88,23234.29,22824.88,22623.94,21755.96366822,BTC
1659484800,22694.56,23650.96,22994.78,22825,23966.78092491,BTC
1659398400,22659.06,23464.97,23273.85,22989.4,15013.77828925,BTC
1659312000,22850,23518.89,23307.44,23273.86,12543.48560075,BTC
1659225600,23240.01,24192.18,23648.15,23307.44,7969.64723008,BTC
1659139200,23516.11,24666,23787.84,23650.13,13265.47821461,BTC
1659052800,23429.71,24450,23851.66,23784.5,18431.00204878,BTC
1658966400,22580.86,24206.11,22960.74,23851.7,25681.25351287,BTC
1658880000,21045.73,23110.73,21260.22,22962.59,24206.7301153,BTC
1658793600,20715,21344.43,21312.06,21261.57,19333.35688939,BTC
1658707200,21254.97,22665.74,22583.37,21313.41,22277.31378773,BTC
1658620800,22263.85,23036.46,22451.36,22583.43,9132.96152481,BTC
1658534400,21941.01,23006.16,22688.85,22450.69,12592.30066753,BTC
1658448000,22505.56,23763.55,23152.76,22687.68,20884.25890814,BTC
1658361600,22340.07,23434.65,23225.24,23153.96,24113.43095206,BTC
1658275200,22899,24287.13,23398.46,23226.99,34094.81155381,BTC
1658188800,21578.57,23800,22434.97,23395.06,34808.90125305,BTC
1658102400,20755.95,22777,20791.74,22427.56,31445.5132866,BTC
1658016000,20750.1,21667.1,21189.23,20791.74,11450.67396279,BTC
1657929600,20475.94,21582.71,20823.06,21189.68,12479.60342503,BTC
1657843200,20368.67,21196.37,20574.96,20827.55,17731.34162095,BTC
1657756800,19607.14,20893.73,20219.69,20577.02,24371.50910244,BTC
1657670400,18892,20330.71,19304.71,20220.23,28211.91563971,BTC
1657584000,19226.47,20037.46,19942.44,19303.65,21631.52226271,BTC
1657497600,19860.12,20854.32,20850.65,19942.43,16061.45339697,BTC
1657411200,20636.53,21595.75,21582.23,20850.65,9610.90399408,BTC
1657324800,21311.04,21959.3,21582.28,21583.99,9424.31410235,BTC
1657238400,21172,22490.54,21618.04,21582.2,25311.00378887,BTC
1657152000,20224.8,21855.72,20542.66,21614.6,25211.332802,BTC
1657065600,19743,20650,20153.74,20542.67,18489.12900774,BTC
1656979200,19274.95,20734.89,20212.42,20153.51,21938.40185419,BTC
1656892800,19029.33,20331.76,19291.35,20211.35,14462.57230204,BTC
1656806400,18755.75,19622.33,19225.54,19291.33,11826.36538269,BTC
1656720000,18955.02,19422.02,19252.76,19224.03,10707.74160684,BTC
1656633600,18938.33,20879.99,19985.62,19252.76,32977.00052272,BTC
1656547200,18603,20143.53,20098,19985.62,28361.45876221,BTC
1656460800,19823.43,20410.91,20253.5,20094.79,18278.45185883,BTC
1656374400,20164.7,21189.99,20722.95,20252.89,17658.6604167,BTC
1656288000,20500,21520,21024.85,20725.17,17440.94268269,BTC
1656201600,20944.68,21866,21474.14,21027.92,11145.88852674,BTC
1656115200,20900,21594.5,21221.13,21478.04,12877.9734191,BTC
1656028800,20712.54,21537.46,21104.45,21223.72,21361.7652594,BTC
1655942400,19869.41,21211.97,19970.07,21104.45,21460.76883515,BTC
1655856000,19751.51,20873.52,20699.63,19968.46,26569.63207564,BTC
1655769600,20328.03,21711,20547.68,20696.96,23770.75139634,BTC
1655683200,19603.8,21041.62,20552.39,20549.75,24904.11647858,BTC
1655596800,17934.26,20795.11,18944.66,20552.44,29383.34368967,BTC
1655510400,17567.45,20750,20447.86,18948.89,52894.97568032,BTC
1655424000,20209.73,21338.7,20371.96,20447.86,25560.04919013,BTC
1655337600,20200,22974.1,22562.33,20372,37587.2170128,BTC
1655251200,20071,22769.12,22120.23,22562.33,62040.45345538,BTC
1655164800,20816.4,23299.22,22460.97,22120.25,47382.80135514,BTC
1655078400,21920,26869.35,26555.17,22460.97,81724.84469418,BTC
1654992000,26532.95,28516.33,28395.03,26555.2,18661.94193886,BTC
1654905600,28080.01,29411.11,29058.79,28388.63,13276.76193059,BTC
1654819200,28821.15,30337.83,30079.59,29063.11,23208.77056569,BTC
1654732800,29904,30679.72,30182.92,30079.62,13334.23491125,BTC
1654646400,29829.98,31306.32,31111,30177,16775.53319148,BTC
1654560000,29200,31549.21,31349.59,31106.9,23234.0811685,BTC
1654473600,29866.44,31745,29899.62,31343.61,20384.91220986,BTC
1654387200,29505.65,30158.44,29837.56,29901.54,5482.4963235,BTC
1654300800,29454.14,29952,29672.77,29843.18,6390.75942952,BTC
1654214400,29213.47,30674.95,30429.12,29670.85,15016.78184772,BTC
1654128000,29558.61,30655,29789.19,30433.75,18519.12608247,BTC
1654041600,29308.01,31964.56,31784.18,29788.79,26857.46263482,BTC
1653955200,31195.9,32383.96,31716.67,31784.05,21187.77667355,BTC
1653868800,29273.65,32232.16,29447.08,31711.42,24915.37275974,BTC
1653782400,28809.84,29550,29008.99,29447.07,6727.92770357,BTC
1653696000,28500,29239.52,28598.31,29008.99,7717.34367577,BTC
1653609600,28220,29355.4,29166.06,28598.31,21035.53736928,BTC
1653523200,28000,29850,29503.48,29166.06,26598.58606063,BTC
1653436800,29296.12,30192.08,29627.61,29503.49,17180.56600794,BTC
1653350400,28611,29802,29079.31,29626.44,17077.03870179,BTC
1653264000,28847.72,30635.39,30258.04,29082.52,25413.0825529,BTC
1653177600,29211,30457.9,29407.4,30260.87,11774.13662231,BTC
1653091200,28913.26,29613.34,29155.74,29408.26,9998.48360206,BTC
1653004800,28690.92,30729.83,30274.59,29155.75,34328.18791921,BTC
1652918400,28645.2,30500,28671.5,30274.59,29009.9710577,BTC
1652832000,28605,30675.92,30412.1,28672.94,28348.42643576,BTC
1652745600,29415.01,30750,29839.89,30412.12,19833.30676705,BTC
1652659200,29055,31293.31,31290.02,29839.89,22646.18507353,BTC
1652572800,29436.06,31418.35,30041.9,31290.05,16440.89298551,BTC
1652486400,28564.38,30287.58,29234.73,30041.88,15245.46818403,BTC
1652400000,28662.7,30990,28941.95,29232.18,34643.05118869,BTC
1652313600,25338.53,30091.2,28977.75,28941.95,70702.60931849,BTC
1652227200,27682.38,32185.9,31002.39,28972.34,61128.25296303,BTC
1652140800,29735.05,32645.49,30078.27,31002.39,55818.01900282,BTC
1652054400,30010,34231.54,34033.49,30078.27,55136.45332765,BTC
1651968000,33701,35499.93,35458,34027.91,22357.51152059,BTC
1651881600,34785,36125,35999.1,35458,11372.45319184,BTC
1651795200,35255.4,36664.4,36537.22,35999.1,28626.6487821,BTC
1651708800,35568,39864.55,39669.56,36537.22,28832.99792317,BTC
1651622400,37651.38,40038.27,37719.58,39669.56,21513.95419034,BTC
1651536000,37505.01,38643.48,38510.88,37719.59,17946.99450089,BTC
1651449600,38041,39181.27,38469.49,38510.89,17946.98346298,BTC
1651363200,37401,38675.37,37640.35,38473.05,7980.89975954,BTC
1651276800,37590,38795,38592.27,37644.1,6931.07200088,BTC
1651190400,38161.85,39926.8,39741.21,38593.1,14282.25993546,BTC
1651104000,38883.83,40400,39251.02,39743.22,16718.83057299,BTC
1651017600,37882.83,39470,38118.43,39251.11,20832.19649199,BTC
1650931200,37700,40817.16,40440.9,38113.82,21648.1142493,BTC
1650844800,38210.24,40605.3,39463.75,40439.22,20515.87532995,BTC
1650758400,39000,39945.74,39459.63,39464.56,6436.45656858,BTC
1650672000,39296.19,39993.82,39712.2,39465.87,6957.16710365,BTC
1650585600,39174.8,40802.65,40483.38,39712.25,16871.32104798,BTC
1650499200,39744.75,43109.47,41371.88,40480.81,17204.35326683,BTC
1650412800,40900,42209.58,41501.56,41377.61,14609.28392672,BTC
1650326400,40571.99,41772.94,40810.87,41503.85,10218.113707,BTC
1650240000,38550,41100,39681.11,40803.58,13090.79423386,BTC
1650153600,39553.07,40605.46,40387.6,39683.54,4833.31493601,BTC
1650067200,40005,40699.99,40554.6,40387.6,4084.16565112,BTC
1649980800,39770.22,40850,39953.62,40554.58,6448.01134712,BTC
1649894400,39573.8,41512.43,41147.15,39954.08,11020.37202049,BTC
1649808000,39550,41570.88,40086.7,41146.68,11457.63380548,BTC
1649721600,39250,40705.68,39535.88,40086.23,13866.41847396,BTC
1649635200,39204.59,42424.14,42165.96,39535.87,17229.3729009,BTC
1649548800,41885.86,43443.32,42766.46,42165.96,5770.49368126,BTC
1649462400,42118.96,42816.38,42261.9,42766.93,4805.71689778,BTC
1649376000,42112,44000,43444.71,42262.02,11929.52123708,BTC
1649289600,42734.69,43908.58,43166.71,43452.18,13245.36612438,BTC
1649203200,43115.26,45523.25,45509.92,43166.7,24250.37283725,BTC
1649116800,45371.16,47200,46594.39,45506.5,14390.57308541,BTC
1649030400,45129.93,46900,46420.08,46596.83,13802.44111729,BTC
1648944000,45552.07,47469.4,45826.24,46422.16,8773.77185888,BTC
1648857600,45642.89,47219.46,46296.36,45826.27,8380.14274375,BTC
1648771200,44232.86,46739.24,45525.25,46296.34,18111.13598043,BTC
1648684800,45211,47624.09,47078.02,45528.45,17454.79144251,BTC
1648598400,46544.89,47717.01,47448.41,47078.03,12672.44584707,BTC
1648512000,46589,48124.94,47146.92,47454.19,15776.65108647,BTC
1648425600,46662.28,48240,46850.01,47144.92,18787.66318707,BTC
1648339200,44437.22,46950,44538.21,46850.01,10356.10317002,BTC
1648252800,44091.09,44820.58,44336.19,44539.42,7305.17827992,BTC
1648166400,43605.8,45130.91,44012.36,44331.85,19128.13735444,BTC
1648080000,42627.48,44241,42899.71,44012.29,21827.93263859,BTC
1647993600,41766.79,43036.95,42376.03,42899.71,13745.27563632,BTC
1647907200,40885.19,43389.79,41017.7,42378.26,19913.28660924,BTC
1647820800,40509,41578.33,41287.24,41017.71,10996.47661055,BTC
1647734400,40918.72,42330.1,42232.05,41287.24,7621.03036678,BTC
1647648000,41534.89,42429,41781.37,42232.26,8630.97283924,BTC
1647561600,40130,42396.04,40950.23,41774.98,17181.15226772,BTC
1647475200,40521,41486,41127.96,40950.33,15717.77421989,BTC
1647388800,38850,41717.67,39298.11,41127.97,22805.48259593,BTC
1647302400,38135,39900,39678.51,39298.1,14924.67641882,BTC
1647216000,37560.4,39906.39,37793.4,39674.17,13566.81093809,BTC
1647129600,37580.86,39318.19,38815.56,37793.01,8046.37612453,BTC
1647043200,38654.02,39472.17,38732.33,38813.02,5644.14686801,BTC
1646956800,38234.08,40251.51,39431.4,38732.04,15908.57521389,BTC
1646870400,38560.85,42053.84,41949.28,39433.71,20814.01456026,BTC
1646784000,38655.98,42597.84,38749.16,41953.97,24651.67344036,BTC
1646697600,37851.54,39376.65,37991.05,38749.38,19132.76914326,BTC
1646611200,37161.88,39556.58,38406.82,37994,19544.28414901,BTC
1646524800,38091.02,39730.5,39407.87,38408.38,10099.98545246,BTC
1646438400,38587.27,39600,39166.5,39402.43,8440.51638896,BTC
1646352000,38577.01,42524.87,42464.41,39166.51,24080.60599433,BTC
1646265600,41811,44096.45,43916.47,42464.41,19278.28224695,BTC
1646179200,43342.16,45426.45,44440,43912.34,17466.98591437,BTC
1646092800,42850,44993.12,43189.61,44439.95,22596.96095342,BTC
1646006400,37455.71,44240.77,37716.57,43192.66,25699.68423401,BTC
1645920000,37020,39875.71,39146.97,37717.08,14440.23638182,BTC
1645833600,38592.04,40300.5,39242.71,39137.8,8601.67109728,BTC
1645747200,38016.44,39716,38347.3,39238.48,20761.66924479,BTC
1645660800,34322,39720,37268.18,38347.3,42124.51876077,BTC
1645574400,37055,39276.85,38251.67,37268.19,15510.11329997,BTC
1645488000,36350,38469.06,37022.11,38251.48,22767.08772002,BTC
1645401600,36811,39506.91,38395.99,37023,20970.76378699,BTC
1645315200,38000,40146.07,40101.93,38389.03,10972.32175685,BTC
1645228800,39655,40469.82,39993.64,40101.94,6277.30201343,BTC
1645142400,39425.07,40990.9,40537.94,39983.56,16491.0130588,BTC
1645056000,40099.99,44195.62,43895.55,40536.73,18630.10842181,BTC
1644969600,43330.59,44585.69,44580.73,43895.56,9663.44040395,BTC
1644883200,42433.28,44775.96,42548.71,44583.52,14154.73452625,BTC
1644796800,41570,42876.15,42073.37,42548.71,14805.98338836,BTC
1644710400,41885.61,42781.96,42244.91,42074.99,6208.94093653,BTC
1644624000,41750,43050,42386.47,42244.97,8664.419567,BTC
1644537600,42000,43962.13,43521.88,42386.47,19367.4151999,BTC
1644451200,43210,45855,44416.39,43527.71,20024.52326862,BTC
1644364800,43155.5,44865.46,44087.58,44416.35,12785.8117079,BTC
1644278400,42688,45519.24,43868.08,44085.59,20387.64565183,BTC
1644192000,41678.79,44533,42416.06,43868.07,20040.49860442,BTC
1644105600,41135.39,42719.93,41411.59,42415.16,6447.88488893,BTC
1644019200,40955.4,41970,41613.75,41404.85,11187.20118795,BTC
1643932800,37051.36,41788.81,37324.61,41614.64,22537.5582634,BTC
1643846400,36259.01,37450.75,36923.39,37329.91,13283.28624677,BTC
1643760000,36584.29,38888.88,38714.27,36923.39,13787.58718711,BTC
1643673600,38021.53,39300,38492.53,38716.88,16379.93141492,BTC
1643587200,36640.94,38785.04,37904.99,38491.93,19654.98487168,BTC
1643500800,37365.31,38384.07,38189.82,37901.35,10632.53591257,BTC
1643414400,37300,38748.43,37741.9,38191.1,13103.19076443,BTC
1643328000,36162.48,38023.74,37188.37,37741.9,22716.16494796,BTC
1643241600,35526.36,37249,36846.22,37188.37,23601.4620954,BTC
1643155200,36254.97,38960,36980,36840.63,27403.99125336,BTC
1643068800,35716.15,37579.81,36687.58,36980,21597.52201359,BTC
1642982400,32933.33,37574.63,36275.28,36693.32,38776.29020908,BTC
1642896000,34625,36555.55,35075.7,36282.47,17440.22740453,BTC
1642809600,34017.56,36835.93,36456.67,35066.43,30044.12486365,BTC
1642723200,35422,41127.79,40671.77,36456.94,50742.89616126,BTC
1642636800,40555,43511.99,41672.14,40670.97,17860.82318928,BTC
1642550400,41126,42586.03,42372.15,41674.27,15642.41727542,BTC
1642464000,41287.79,42692.71,42214.66,42369.74,13658.50365699,BTC
1642377600,41567.64,43200,43104.34,42218.01,10963.85191034,BTC
1642291200,42600,43497.24,43098.2,43104.34,6481.6580227,BTC
1642204800,42577.35,43819.39,43090.72,43098.2,6318.38550193,BTC
1642118400,41752,43473.98,42576.27,43090.72,13545.75086459,BTC
1642032000,42325,44453.22,43921.21,42581.65,14772.09478571,BTC
1641945600,42459.21,44342.83,42749.84,43920.37,16250.21469714,BTC
1641859200,41274.8,43130,41824.06,42753.44,19697.46613255,BTC
1641772800,39650,42250,41876.52,41824.07,25232.35739583,BTC
1641686400,41209.53,42831.12,41684.84,41876.52,11074.22498167,BTC
1641600000,40505.3,42318.97,41564.57,41684.84,15454.11315131,BTC
1641513600,40571.53,43144.72,43081.79,41565.18,26122.19990673,BTC
1641427200,42432.99,43794.5,43446.34,43083.76,20780.04784989,BTC
1641340800,42500,47076.55,45817.13,43436.04,25067.67476765,BTC
1641254400,45515,47532.89,46459.57,45814.61,16320.32712866,BTC
1641168000,45700,47583.33,47299.06,46459.56,10841.81020453,BTC
1641081600,46633.36,47990,47733.43,47299.07,6833.49845548,BTC
1640995200,46205,47967.12,46211.24,47733.43,9463.6617111,BTC
1640908800,45650,48574.7,47122.09,46211.24,19010.24134509,BTC
1640822400,45938.44,47926.15,46471.24,47122.08,27413.65364976,BTC
1640736000,46094.02,48149.58,47542.2,46471.24,20326.32142372,BTC
1640649600,47300.23,50720.35,50720.35,47543.09,23116.75583707,BTC
1640563200,50480,52100,50804.33,50717.77,11596.91468191,BTC
1640476800,49460,51295.33,50428.31,50801.79,6863.39473781,BTC
1640390400,50191.84,51171.68,50852.31,50428.31,5550.57153185,BTC
1640304000,50445.55,51878.6,50842.06,50851.38,11690.45418179,BTC
1640217600,48032.16,51397.82,48608.61,50842.2,16627.04627954,BTC
1640131200,48450,49595,48914.7,48608.62,10753.4990677,BTC
1640044800,46645.05,49339.31,46926.07,48914.7,15461.4105731,BTC
1639958400,45568,47548.93,46687.2,46926.07,16039.38510407,BTC
1639872000,46440.11,48351.92,46857.49,46687.19,9518.7071282,BTC
1639785600,45515.72,47368.73,46159.87,46859.46,8170.85303229,BTC
1639699200,45469.32,48000,47634.2,46166.5,18556.07900007,BTC
1639612800,47524.66,49459.39,48878.83,47634.22,12731.23681745,BTC
1639526400,46530,49500,48359.23,48884.78,21621.70983741,BTC
1639440000,46300,48686.91,46727.89,48367.43,17107.0342879,BTC
1639353600,45727.92,50218.42,50089.64,46727.89,20797.28834629,BTC
1639267200,48665.43,50828.13,49424.47,50089.64,10411.08180306,BTC
1639180800,46786.78,49517.18,47170.94,49407.75,11045.22374119,BTC
1639094400,46900,50148.49,47568.43,47170.94,15689.5742182,BTC
1639008000,47323.23,50844.86,50520.94,47568.43,15749.4243393,BTC
1638921600,48650.02,51250,50625.24,50519.68,13138.99183299,BTC
1638835200,50067.1,51995,50529.56,50625.48,14107.33216632,BTC
1638748800,47200,51105,49484.21,50529.56,23082.30465624,BTC
1638662400,47827,49783,49235.26,49484.22,21727.13821193,BTC
1638576000,42333,53876.09,53633.02,49241.12,39023.32978526,BTC
1638489600,51640,57670.68,56521.45,53638.04,19567.63113833,BTC
1638403200,55845,57423.69,57226.51,56521.46,12969.21952648,BTC
1638316800,56465.75,59118.84,56998.35,57226.5,16607.30872879,BTC
1638230400,55910.33,59249.77,57838.06,56987.97,18038.78770838,BTC
1638144000,56730,58908.27,57318.51,57838.06,13454.23335496,BTC
1638057600,53327,57490,54759.04,57317.17,8222.42493442,BTC
1637971200,53642.58,55316.67,53757.67,54759.05,7899.30349126,BTC
1637884800,53533,59194,58994.72,53757.67,25946.30174683,BTC
1637798400,57037.04,59445.99,57158.58,58987.27,10668.67680723,BTC
1637712000,55875.01,57607.97,57562.65,57162.66,12509.25971944,BTC
1637625600,55377,57886.03,56280.81,57566.85,14019.78167156,BTC
1637539200,55641.03,59526.51,58671.22,56280.81,15889.22078935,BTC
1637452800,58509.69,60070,59760.76,58671.21,6661.36635434,BTC
1637366400,57423.35,59900,58122.15,59760.76,7584.65241653,BTC
1637280000,55625,58412.12,56898.46,58122.16,18554.56064192,BTC
1637193600,56514.13,60977.21,60351.51,56898,26749.21203012,BTC
1637107200,58380,60824.38,60101.56,60351.51,20907.21545076,BTC
1637020800,58638,63624.6,63621.05,60107.98,24910.15267457,BTC
1636934400,63371,66339.9,65505.03,63624.59,10426.55522646,BTC
1636848000,63596.9,65525,64400.01,65505.02,6081.57225975,BTC
1636761600,63394.17,64990,64144.42,64400.01,5968.10354833,BTC
1636675200,62300,65477.06,64807.73,64147.9,13658.626579,BTC
1636588800,64133.78,65600,64912.2,64807.59,10259.51472415,BTC
1636502400,62800,69000,66938.76,64912.2,19030.24517744,BTC
1636416000,66261.79,68568.85,67554.13,66944.66,14996.62508818,BTC
1636329600,63309.12,67792.77,63309.12,67554.84,17661.87297159,BTC
1636243200,61397.86,63327.96,61539.3,63309.13,5596.02460734,BTC
1662076800,1567.44,1611,1586.1,1595.04,79458.19564692,ETH
1661990400,1512.83,1599.51,1554.25,1586.23,327753.13141002,ETH
1661904000,1524.12,1619.99,1524.61,1554,511240.91582582,ETH
1661817600,1474.14,1606.34,1551.51,1524.81,544379.70835677,ETH
1661731200,1420.74,1560.37,1426.29,1551.65,488169.79068986,ETH
1661644800,1423.85,1511.12,1490.87,1426.63,292543.93479078,ETH
1661558400,1446.62,1519.11,1508.04,1491.22,368067.50483068,ETH
1661472000,1485.94,1706.41,1695.16,1508.02,570455.80622658,ETH
1661385600,1653.57,1722.18,1656.54,1695.27,300950.83219719,ETH
1661299200,1604.6,1694.89,1665.95,1656.74,508562.94204632,ETH
1661212800,1563.29,1674.12,1624.89,1665.93,445250.58071281,ETH
1661126400,1528.93,1629.61,1617.88,1624.78,518834.55819815,ETH
1661040000,1562.27,1646.69,1575.76,1617.84,397164.81880075,ETH
1660953600,1523.54,1658.14,1608.64,1575.76,450361.01659576,ETH
1660867200,1602.28,1848.29,1846.15,1608.72,731158.98936189,ETH
1660780800,1821.02,1883.35,1834.52,1845.9,270253.66533006,ETH
1660694400,1815,1957.59,1877.06,1834.61,450374.826949,ETH
1660608000,1852.85,1915.51,1899.05,1876.57,362478.81254801,ETH
1660521600,1866.51,2013.47,1936,1899.39,473905.07822533,ETH
1660435200,1906.51,2031.39,1984.72,1935.85,263413.87030944,ETH
1660348800,1947.19,2020.73,1959.94,1984.75,282479.09097599,ETH
1660262400,1850.51,1966.89,1880.96,1959.91,301803.38654781,ETH
1660176000,1850.95,1946.21,1854.42,1881.04,451248.19043761,ETH
1660089600,1656,1886.36,1703.35,1854.12,491866.38496074,ETH
1660003200,1668.8,1791.33,1777.36,1703.35,353991.64333061,ETH
1659916800,1693.41,1818.25,1700.52,1777.36,345585.00729302,ETH
1659830400,1668.87,1730.26,1691.18,1700.42,177400.97769802,ETH
1659744000,1685.99,1750,1737.12,1690.81,206524.40782357,ETH
1659657600,1605.55,1742.52,1608.16,1736.79,415383.76775755,ETH
1659571200,1580.5,1663.35,1618.78,1608.16,323547.74502974,ETH
1659484800,1590,1685.87,1631.1,1618.82,328786.47691824,ETH
1659398400,1560,1679.28,1630.81,1631.28,246683.06058859,ETH
1659312000,1606.9,1705,1679.31,1630.82,180669.82560511,ETH
1659225600,1667.7,1754.25,1698.02,1679.31,130340.37729581,ETH
1659139200,1674.05,1745.05,1722.46,1698.01,180720.73885884,ETH
1659052800,1655.47,1766.56,1725.19,1722.25,311510.53584064,ETH
1658966400,1592.36,1792.55,1636.53,1725.19,446776.87871545,ETH
1658880000,1420.66,1645.46,1449.6,1636.4,388150.08353335,ETH
1658793600,1356.3,1454.56,1440.63,1449.63,283778.37687636,ETH
1658707200,1433.91,1610,1598.12,1440.75,309771.90005337,ETH
1658620800,1546.7,1664.41,1549.16,1597.72,181245.88687987,ETH
1658534400,1487.14,1596.87,1535.68,1549.15,179754.71211316,ETH
1658448000,1516.75,1646.13,1575.44,1535.84,301049.38716503,ETH
1658361600,1463.26,1606.42,1521.88,1575.68,333578.08401554,ETH
1658275200,1485.17,1621.44,1542.6,1522.12,399979.02882551,ETH
1658188800,1492.66,1631.32,1581.09,1542.63,531595.12469671,ETH
1658102400,1335.35,1597.58,1338.03,1581.34,586368.76273009,ETH
1658016000,1318.79,1386.55,1355.5,1338.2,287292.9117132,ETH
1657929600,1190.9,1423.31,1231.07,1355.7,281556.54770912,ETH
1657843200,1180.16,1288.88,1192.67,1231.1,439762.06228135,ETH
1657756800,1071.1,1213.26,1114.06,1192.7,340272.00761286,ETH
1657670400,1005.25,1118,1037.5,1114.26,448221.83579622,ETH
1657584000,1031.92,1097.35,1095.48,1037.34,334310.07377997,ETH
1657497600,1079.8,1170.47,1167.66,1095.56,229708.48705223,ETH
1657411200,1153.15,1219.41,1216.78,1167.68,110105.33274633,ETH
1657324800,1203.7,1233.54,1213.38,1216.78,94148.28233858,ETH
1657238400,1192.16,1275.51,1237.55,1213.19,321436.46883666,ETH
1657152000,1162.32,1254.04,1185.61,1237.13,347073.16202279,ETH
1657065600,1110.56,1203.2,1131.16,1185.61,284112.14163333,ETH
1656979200,1075.7,1172.38,1149.98,1131.26,267186.05683546,ETH
1656892800,1043.47,1160,1072.9,1149.98,205563.79288557,ETH
1656806400,1039.55,1087.33,1065.58,1072.88,110714.6004927,ETH
1656720000,1025.95,1077.5,1058.3,1065.61,114219.74455559,ETH
1656633600,1031.86,1115,1070.08,1057.57,324097.48129585,ETH
1656547200,997.02,1105.61,1099.09,1070.08,338995.29713713,ETH
1656460800,1085.41,1155.21,1142.47,1099.15,287668.03810615,ETH
1656374400,1134.9,1236.21,1191.27,1142.65,217739.97338483,ETH
1656288000,1171.88,1237.83,1196.99,1191.27,196439.99342204,ETH
1656201600,1194.01,1280,1241.14,1197.13,151784.21006562,ETH
1656115200,1178.77,1255,1224.26,1241.33,152145.87815948,ETH
1656028800,1131.02,1244.78,1144.01,1224.47,252255.18809433,ETH
1655942400,1043.68,1153.01,1048.93,1144,250147.3059031,ETH
1655856000,1042.36,1126.44,1124.9,1048.96,270475.56973113,ETH
1655769600,1107.87,1193,1127.04,1124.85,303835.07141015,ETH
1655683200,1051.3,1168.18,1126.97,1126.84,314649.45956811,ETH
1655596800,933.6,1156.99,993.64,1126.9,435976.06851744,ETH
1655510400,879.8,1096.64,1085.65,993.64,581590.08416866,ETH
1655424000,1049.19,1117.43,1067.07,1085.76,323648.95266925,ETH
1655337600,1050.39,1257.04,1236.45,1066.87,411463.97783225,ETH
1655251200,1012.72,1247,1207.58,1236.45,827548.41393819,ETH
1655164800,1074.64,1266.34,1207.9,1207.58,681419.51063789,ETH
1655078400,1163.31,1452.97,1432.97,1207.82,954717.177807,ETH
1654992000,1423,1545.5,1531.23,1433.19,308514.54263385,ETH
1654905600,1499.79,1680.43,1660.77,1531.09,295048.58494874,ETH
1654819200,1654.15,1802.85,1787.44,1660.78,236039.72064137,ETH
1654732800,1775.67,1832.31,1790.63,1787.55,124180.46274382,ETH
1654646400,1763.69,1838,1812.17,1790.72,170731.58092776,ETH
1654560000,1725,1872.82,1858.44,1811.89,212923.71432914,ETH
1654473600,1802.52,1918.47,1804.78,1858.21,184600.86286202,ETH
1654387200,1771.77,1829.16,1803.47,1804.7,59938.51406164,ETH
1654300800,1746.6,1814.4,1773.11,1803.35,64987.78039249,ETH
1654214400,1735.79,1842.43,1832.62,1773.25,190669.34154148,ETH
1654128000,1780,1852.01,1816.06,1832.45,174506.82421008,ETH
1654041600,1761.59,1972.5,1940.49,1816.05,266690.7084996,ETH
1653955200,1924.17,2015.54,1998.29,1940.59,242245.22269345,ETH
1653868800,1801.21,2013,1811.27,1998.3,218864.05954827,ETH
1653782400,1760.32,1825.22,1790.22,1811.1,84009.43387178,ETH
1653696000,1719.76,1807.68,1724.8,1790.23,107501.25754592,ETH
1653609600,1702.53,1820.84,1790.08,1724.83,341796.6398698,ETH
1653523200,1734.5,1963.68,1940.48,1790.65,289942.90063136,ETH
1653436800,1932.12,2020,1977.94,1940.83,164438.55615099,ETH
1653350400,1909.51,1991.51,1970.85,1978.15,163986.41926361,ETH
1653264000,1954.4,2087.6,2040.91,1971.06,202518.25742473,ETH
1653177600,1963.4,2054.01,1972.64,2040.92,81822.31011257,ETH
1653091200,1935,1988.3,1956.57,1972.64,54572.49166422,ETH
1653004800,1919.56,2062.45,2017.36,1956.58,197708.34053418,ETH
1652918400,1900.1,2039.52,1912.04,2017.57,206357.25885445,ETH
1652832000,1905.24,2108.8,2088.95,1911.98,180708.34004634,ETH
1652745600,2005,2120,2020.57,2088.96,153232.48671811,ETH
1652659200,1976.22,2142.82,2142.74,2020.58,188600.42878138,ETH
1652572800,1997.44,2164.17,2053.43,2142.69,100927.05806766,ETH
1652486400,1941.57,2066.4,2005.69,2053.33,118520.23264436,ETH
1652400000,1934.61,2145.56,1954.27,2005.48,336488.21225639,ETH
1652313600,1701,2188.14,2075.55,1954.39,803672.07576455,ETH
1652227200,2000,2451.12,2340.66,2075.93,562341.54813863,ETH
1652140800,2198.24,2458.09,2227.74,2340.51,464832.53812722,ETH
1652054400,2222.22,2529.47,2518.82,2228.5,470978.69055761,ETH
1651968000,2482,2641.4,2634.57,2519.1,136224.22284735,ETH
1651881600,2585.79,2703.61,2691.89,2634.8,75304.26885485,ETH
1651795200,2631.97,2757.78,2747.46,2691.72,184926.26187383,ETH
1651708800,2687.88,2953.73,2939.98,2747.43,194599.9120659,ETH
1651622400,2770.02,2969.86,2780.35,2939.98,173451.30953603,ETH
1651536000,2753.66,2861.73,2856.3,2780.34,156812.90555596,ETH
1651449600,2776.26,2883,2824.79,2856.21,205159.66957242,ETH
1651363200,2716.79,2849,2726.37,2824.86,98806.09499191,ETH
1651276800,2716.4,2842.08,2816.77,2726.59,98131.72028071,ETH
1651190400,2775.51,2946.68,2935.97,2816.94,204389.17477782,ETH
1651104000,2853.83,2980.36,2889.78,2935.91,167061.01272126,ETH
1651017600,2794.23,2920,2809.5,2889.78,172782.71761809,ETH
1650931200,2766.77,3038.6,3007.24,2809.26,191167.43185373,ETH
1650844800,2797.51,3026.93,2921.7,3007.22,231201.08128973,ETH
1650758400,2911.9,2968.31,2933.45,2921.96,47964.59818886,ETH
1650672000,2917.34,2979.57,2963.03,2933.44,50757.61746238,ETH
1650585600,2933.13,3033.76,2983.72,2963.05,147896.5340014,ETH
1650499200,2940,3179.74,3077.16,2983.94,173634.26729666,ETH
1650412800,3032.72,3169.29,3102.44,3077.06,117310.39372033,ETH
1650326400,3029.58,3132.47,3055.86,3102.26,117657.24244335,ETH
1650240000,2880,3071.26,2988.09,3056.19,165766.83949602,ETH
1650153600,2981.52,3082.96,3060.35,2988.4,67328.66942615,ETH
1650067200,3010.67,3086.83,3040.41,3060.35,46446.22013313,ETH
1649980800,2993.29,3058.99,3021.68,3040.19,75091.03161864,ETH
1649894400,2976,3145.19,3119.01,3021.78,131077.99214911,ETH
1649808000,2997.5,3129.92,3028.27,3119,135126.03200322,ETH
1649721600,2950.35,3089.87,2979.32,3027.82,201291.80136702,ETH
1649635200,2950,3214.88,3203.05,2979.55,238180.41734881,ETH
1649548800,3189.92,3309.28,3259.45,3203.05,58700.63987676,ETH
1649462400,3181.8,3269.74,3192.54,3258.99,48962.32688662,ETH
1649376000,3173.48,3313.79,3227.26,3192.54,137312.60396565,ETH
1649289600,3143.07,3269.56,3168.1,3227.56,157725.46332848,ETH
1649203200,3161.64,3408,3406.99,3168.52,311364.33037265,ETH
1649116800,3395.8,3555.48,3520.5,3407,166478.13322904,ETH
1649030400,3405.79,3548.51,3522.51,3520.66,155953.23125025,ETH
1648944000,3413.66,3581.6,3445.25,3522.78,100873.78414588,ETH
1648857600,3433.31,3532.85,3456.25,3445.38,117055.44343232,ETH
1648771200,3211.66,3482.42,3283.08,3456.48,213450.79609118,ETH
1648684800,3260.99,3447.03,3386.69,3283.08,168597.71177893,ETH
1648598400,3333.87,3448.62,3401.7,3386.68,135283.45551922,ETH
1648512000,3331.23,3483.87,3334.19,3401.71,174573.96933975,ETH
1648425600,3275.57,3437.24,3296.24,3334.47,237110.16743972,ETH
1648339200,3127.74,3299.99,3146.33,3296.29,122475.83176341,ETH
1648252800,3086.2,3154.47,3103.91,3146.22,69714.86952634,ETH
1648166400,3076.18,3195,3112.95,3104.15,220943.39724511,ETH
1648080000,3003.51,3130.41,3037.82,3112.52,248655.86785905,ETH
1647993600,2920.64,3046.99,2970.51,3038.93,212170.39198444,ETH
1647907200,2887.79,3053.98,2890.78,2970.51,192172.55035781,ETH
1647820800,2832.97,2965.26,2862.44,2891.08,148907.41126764,ETH
1647734400,2819.18,2965.94,2952.35,2862.44,103674.36633811,ETH
1647648000,2895.37,2988.89,2939.18,2952.16,101087.67252083,ETH
1647561600,2768.25,2987,2814.62,2939.17,226096.28101747,ETH
1647475200,2747.77,2839.59,2775.16,2814.67,228315.81827779,ETH
1647388800,2604.32,2789.58,2619.01,2774.89,211196.06612638,ETH
1647302400,2508.05,2670.53,2590.12,2619.15,161601.50858275,ETH
1647216000,2499,2609.56,2516.42,2590.23,133881.30167965,ETH
1647129600,2492.98,2603.56,2569.09,2516.41,71303.49491982,ETH
1647043200,2552.52,2617.83,2556.39,2569.3,56451.09317314,ETH
1646956800,2523.28,2679.56,2608.46,2556.42,155353.98026641,ETH
1646870400,2553.42,2734.33,2727.86,2608.22,181463.07885867,ETH
1646784000,2567.98,2774.26,2577.11,2727.6,178230.29132363,ETH
1646697600,2480.33,2626.16,2491.29,2576.72,192900.83723166,ETH
1646611200,2445,2649.81,2550.46,2491.58,209566.73792961,ETH
1646524800,2536.4,2677,2665.94,2550.77,81556.05091403,ETH
1646438400,2589.93,2685.93,2623.08,2665.77,74795.81490054,ETH
1646352000,2575,2835.95,2833.71,2623.07,264628.67091773,ETH
1646265600,2785.01,2972.07,2948.58,2833.66,191801.94423344,ETH
1646179200,2914.9,3045,2977.72,2948.56,231625.47605833,ETH
1646092800,2855.29,3040.7,2922.87,2977.72,249644.25411598,ETH
1646006400,2570,2960.25,2617.79,2923.08,273216.3610563,ETH
1645920000,2558.48,2836.26,2780.76,2618.01,193491.83696032,ETH
1645833600,2728.53,2880,2769.24,2780.71,118737.45939774,ETH
1645747200,2572.23,2837.23,2597.39,2769.52,232940.26531533,ETH
1645660800,2300,2750,2580.54,2597.42,495732.46045534,ETH
1645574400,2576.69,2756.9,2638.2,2580.97,189232.9352146,ETH
1645488000,2500.74,2667.28,2569.6,2637.98,241082.81650581,ETH
1645401600,2559.77,2760.71,2622.47,2569,235808.75914421,ETH
1645315200,2575.75,2765.24,2764.53,2622.47,165033.10298905,ETH
1645228800,2696.39,2833.3,2780.05,2764.44,111215.14420451,ETH
1645142400,2752.67,2945.98,2894.52,2780.08,197402.29756962,ETH
1645056000,2853,3162.35,3124.44,2893.56,210090.91381776,ETH
1644969600,3043.41,3190,3186.24,3124.45,148463.93058713,ETH
1644883200,2911.87,3199,2931.17,3186.24,180355.80323661,ETH
1644796800,2830.01,2966.53,2872.83,2931.01,176105.13710553,ETH
1644710400,2836.47,2955.65,2919.86,2872.84,82968.08334438,ETH
1644624000,2857.11,2987.62,2929.09,2919.99,113168.17322545,ETH
1644537600,2879.34,3140.86,3074.84,2929.08,268537.66433701,ETH
1644451200,3057.81,3284.75,3246.28,3074.85,221267.33665333,ETH
1644364800,3057.16,3274,3119.91,3246.22,159305.14378693,ETH
1644278400,3027.56,3234.67,3141.84,3119.57,215565.05621758,ETH
1644192000,2995.22,3199.08,3058.21,3141.89,232464.2844524,ETH
1644105600,2950.26,3076.25,3014.83,3058.22,80118.01843273,ETH
1644019200,2957.98,3063.48,2997.63,3014.5,159547.93620619,ETH
1643932800,2672.84,2999,2697.59,2998.19,275254.72885163,ETH
1643846400,2572.66,2729.01,2683.09,2697.59,197429.85205996,ETH
1643760000,2613.42,2814.1,2789.62,2682.66,256394.56721487,ETH
1643673600,2675.99,2815.49,2689.87,2789.66,212782.90255881,ETH
1643587200,2478.31,2708.98,2602.63,2689.72,193802.14585439,ETH
1643500800,2542.66,2642,2603.39,2602.89,103353.36641229,ETH
1643414400,2521.72,2640,2546.84,2603.74,138968.35714717,ETH
1643328000,2358.63,2559.55,2425.01,2546.84,231189.51401633,ETH
1643241600,2315.72,2521.96,2464.99,2425.82,272971.5127865,ETH
1643155200,2400,2724,2460.4,2465,409131.34465566,ETH
1643068800,2351.18,2509.87,2441.6,2460.68,268705.41724115,ETH
1642982400,2159,2541.74,2541.19,2441.74,583901.18061678,ETH
1642896000,2371.58,2551.3,2411.91,2541.19,248046.68461556,ETH
1642809600,2301.6,2628.36,2568.12,2411.9,457765.04354891,ETH
1642723200,2467.11,3034.7,3000.99,2569.01,603711.8291189,ETH
1642636800,2986,3273.32,3084.49,3000.94,185761.37491937,ETH
1642550400,3047,3176.81,3160.78,3085.27,159240.24960598,ETH
1642464000,3083.68,3246.2,3211.08,3160.81,151969.48482665,ETH
1642377600,3142.39,3360.07,3349.88,3210.98,128212.72032287,ETH
1642291200,3275,3394.45,3327.81,3349.46,58643.37423357,ETH
1642204800,3260,3373.56,3309.98,3328.12,58794.17252061,ETH
1642118400,3188.34,3346.81,3241.6,3310.45,110175.14720879,ETH
1642032000,3233.67,3413.36,3373.25,3241.88,130378.3015897,ETH
1641945600,3206.72,3420.08,3240.83,3373.64,165432.46044549,ETH
1641859200,3052.19,3265.98,3083.51,3240.83,158466.70742447,ETH
1641772800,2928.69,3180.29,3151.65,3083.51,260769.14044553,ETH
1641686400,3057.82,3212.46,3080.92,3151.66,131897.75381912,ETH
1641600000,3000,3247.89,3198.96,3080.48,231676.12058726,ETH
1641513600,3065,3415.52,3405.66,3198.82,376752.15627171,ETH
1641427200,3300,3550.02,3539,3406.03,282771.63777278,ETH
1641340800,3414.88,3848.2,3785,3539,240345.13859808,ETH
1641254400,3714.22,3894.12,3766.01,3785,148752.52638971,ETH
1641168000,3681.62,3851.66,3828.93,3766.04,106574.13357834,ETH
1641081600,3718.2,3855.77,3765.98,3828.87,78466.35113548,ETH
1640995200,3674.02,3777.82,3675.81,3765.72,98353.62552826,ETH
1640908800,3619.78,3815.04,3710.01,3675.8,171634.96154996,ETH
1640822400,3585.85,3769.99,3630.18,3710.02,155011.95096414,ETH
1640736000,3603,3828.18,3793.66,3630.59,167709.4231065,ETH
1640649600,3760.01,4038.68,4038.18,3793.67,203399.82203323,ETH
1640563200,4027.56,4128.9,4066.14,4038.64,108344.57109844,ETH
1640476800,4008.01,4106.5,4098.67,4065.91,66848.08372392,ETH
1640390400,4021.31,4143.13,4049.81,4097.43,68854.05530395,ETH
1640304000,4005,4138.71,4113.64,4049.65,109472.89747679,ETH
1640217600,3895.7,4157.82,3980.82,4113.08,180980.07790929,ETH
1640131200,3933.74,4075,4017.35,3981.12,110316.26044274,ETH
1640044800,3908.13,4063.89,3946.59,4017.11,137991.50149241,ETH
1639958400,3754.8,3984.08,3925.78,3946.16,172027.91571974,ETH
1639872000,3886.03,4039.73,3961.93,3925.79,102078.81232557,ETH
1639785600,3768.14,3999,3876.37,3961.92,113485.77521903,ETH
1639699200,3699,3994.81,3957.12,3876.02,209823.26509135,ETH
1639612800,3952.81,4116.39,4021.41,3957.28,174285.93324831,ETH
1639526400,3643.43,4097,3860.72,4021.53,319094.24570016,ETH
1639440000,3686.49,3884.08,3784,3860.74,197099.24204846,ETH
1639353600,3660,4146.1,4132.91,3783.81,305712.33000025,ETH
1639267200,3989.41,4186.16,4091.17,4132.92,108368.85746466,ETH
1639180800,3835,4099.87,3899.97,4091.18,166327.13830459,ETH
1639094400,3889.42,4232.38,4105.99,3900.91,273780.7217072,ETH
1639008000,4076.15,4490.72,4440.94,4106.06,222048.28315781,ETH
1638921600,4226.88,4456.36,4310.21,4440.51,186740.13696568,ETH
1638835200,4260,4433.99,4354.09,4310.19,198306.85854675,ETH
1638748800,3913,4380.8,4203.22,4354.22,349333.84787974,ETH
1638662400,4038.13,4257,4123.13,4203.22,250275.13989584,ETH
1638576000,3575,4240,4216.3,4123.13,512946.90714235,ETH
1638489600,4035,4662.75,4514.54,4216.93,312836.25058642,ETH
1638403200,4435,4637.39,4586.87,4514.59,171913.60834148,ETH
1638316800,4526.94,4784.5,4636.43,4586.95,241301.695591,ETH
1638230400,4350.91,4759,4449.42,4634.95,312105.05293146,ETH
1638144000,4282.07,4466,4298.38,4449.42,170935.20731881,ETH
1638057600,3950,4303.35,4098.53,4298.38,124752.71262005,ETH
1637971200,4031.56,4186.97,4043.62,4098.31,93299.56271946,ETH
1637884800,3915,4555.53,4527.03,4043.67,324817.57682312,ETH
1637798400,4250,4555.11,4270.93,4525.87,132338.28173546,ETH
1637712000,4168.99,4359.88,4341.58,4270.74,120268.67729032,ETH
1637625600,4062.28,4389.95,4089.17,4341.62,159935.23797902,ETH
1637539200,4024.45,4322.86,4263.04,4089.16,174572.98932477,ETH
1637452800,4246.07,4427.72,4416.36,4262.99,83775.31676078,ETH
1637366400,4206.03,4438.96,4299.55,4416.69,96882.12097892,ETH
1637280000,3975.24,4314.82,3998.57,4299.55,191232.56135587,ETH
1637193600,3960,4346.42,4289.4,3997.93,291477.64786245,ETH
1637107200,4068.24,4300.01,4209.89,4289.4,197969.47328462,ETH
1637020800,4108,4564.98,4564.34,4209.5,309826.45957038,ETH
1636934400,4541,4770,4626.61,4565.06,121693.76091856,ETH
1636848000,4516.05,4695.07,4644.43,4627.03,96933.07064437,ETH
1636761600,4586.8,4708.6,4667.79,4644.44,76568.33646209,ETH
1636675200,4508.42,4809.27,4721.07,4667.34,160383.45748095,ETH
1636588800,4578.05,4783.05,4632.23,4721.87,112248.30258781,ETH
1636502400,4460,4867.81,4731.58,4632.22,249949.62441734,ETH
1636416000,4697.9,4842.54,4811.89,4731.59,154525.60456333,ETH
1636329600,4616.5,4825,4617.27,4811.9,163884.29350308,ETH
1636243200,4506.99,4639.8,4523.73,4617.02,85312.85613745,ETH
1662076800,0.0617,0.06288,0.06238,0.06194,37974152.1,DOGE
1661990400,0.05988,0.06262,0.06133,0.06238,168079123.4,DOGE
1661904000,0.06072,0.06348,0.06156,0.06133,176599398,DOGE
1661817600,0.06007,0.06449,0.06386,0.06157,153516653.5,DOGE
1661731200,0.06086,0.0641,0.06178,0.06387,167462303,DOGE
1661644800,0.0613,0.06433,0.06351,0.06178,186392890.8,DOGE
1661558400,0.06221,0.06415,0.06351,0.06353,238265430.7,DOGE
1661472000,0.06274,0.07022,0.06898,0.06354,395618167.7,DOGE
1661385600,0.06763,0.07183,0.06791,0.06899,203145816.3,DOGE
1661299200,0.06703,0.06965,0.06884,0.06791,173316707.5,DOGE
1661212800,0.06686,0.06924,0.0684,0.06881,167529656.8,DOGE
1661126400,0.06518,0.06944,0.0693,0.06839,268953944.9,DOGE
1661040000,0.06737,0.07075,0.06932,0.06935,234799811.7,DOGE
1660953600,0.06762,0.07121,0.06774,0.06936,356612522.8,DOGE
1660867200,0.06704,0.07532,0.07472,0.06774,594237271.7,DOGE
1660780800,0.07344,0.08228,0.08022,0.07474,336070310.5,DOGE
1660694400,0.07937,0.08895,0.08676,0.08022,603724198.6,DOGE
1660608000,0.07617,0.09,0.07662,0.08679,1176815546,DOGE
1660521600,0.07472,0.0821,0.08173,0.07664,550844238.2,DOGE
1660435200,0.07264,0.08472,0.07298,0.08169,852474935,DOGE
1660348800,0.07185,0.0752,0.07234,0.07295,246962097.4,DOGE
1660262400,0.06972,0.07276,0.0709,0.07235,152581575.4,DOGE
1660176000,0.07043,0.0755,0.07129,0.0709,250472396.9,DOGE
1660089600,0.06659,0.07151,0.06905,0.07129,265759297.3,DOGE
1660003200,0.06777,0.07427,0.07013,0.06906,359548885.9,DOGE
1659916800,0.06884,0.07257,0.06896,0.07015,236966343.1,DOGE
1659830400,0.06738,0.07003,0.06864,0.06896,114994882,DOGE
1659744000,0.06841,0.07131,0.0698,0.06864,174260119.9,DOGE
1659657600,0.06718,0.07031,0.06727,0.0698,203664002.5,DOGE
1659571200,0.06573,0.06764,0.06625,0.06725,145496443.4,DOGE
1659484800,0.06511,0.06845,0.06653,0.06626,149724167.4,DOGE
1659398400,0.06548,0.06914,0.06849,0.06654,189130183.2,DOGE
1659312000,0.06682,0.07132,0.0681,0.06845,274306714.7,DOGE
1659225600,0.06782,0.07226,0.0697,0.06808,231652380.2,DOGE
1659139200,0.06792,0.0746,0.06881,0.06966,392219623.7,DOGE
1659052800,0.0669,0.07249,0.06911,0.06881,396291737.2,DOGE
1658966400,0.06517,0.07088,0.06724,0.06909,414286494.9,DOGE
1658880000,0.06178,0.06726,0.06255,0.06726,223383955.5,DOGE
1658793600,0.06008,0.06271,0.06193,0.06255,161645421,DOGE
1658707200,0.06176,0.06803,0.06754,0.06196,194729162.9,DOGE
1658620800,0.06723,0.06895,0.06804,0.06754,114551590.8,DOGE
1658534400,0.06596,0.06952,0.06744,0.06803,124087260.5,DOGE
1658448000,0.06671,0.07144,0.06996,0.06745,174999993,DOGE
1658361600,0.06692,0.07094,0.07014,0.06999,205926981.7,DOGE
1658275200,0.06767,0.07699,0.06903,0.07015,610755585.2,DOGE
1658188800,0.06538,0.0703,0.06755,0.06902,303253635.6,DOGE
1658102400,0.06297,0.06895,0.06306,0.06757,343792332.1,DOGE
1658016000,0.06286,0.06549,0.06437,0.06306,156436628.2,DOGE
1657929600,0.06171,0.06481,0.06291,0.06435,180211482.7,DOGE
1657843200,0.06157,0.06439,0.06245,0.06293,221068449.1,DOGE
1657756800,0.05944,0.06278,0.06191,0.06243,189491374,DOGE
1657670400,0.05745,0.0623,0.05972,0.0619,305908100.6,DOGE
1657584000,0.05966,0.06304,0.06172,0.05977,147920233,DOGE
1657497600,0.06112,0.06725,0.06725,0.0617,229084806.9,DOGE
1657411200,0.06619,0.06947,0.06945,0.06725,138611472.2,DOGE
1657324800,0.06879,0.07014,0.06901,0.06944,89831413.3,DOGE
1657238400,0.06819,0.07349,0.07052,0.06907,251004930.1,DOGE
1657152000,0.06782,0.07119,0.06833,0.07051,172371492.2,DOGE
1657065600,0.06609,0.0692,0.06708,0.06833,198287996.3,DOGE
1656979200,0.0654,0.06995,0.06929,0.06709,168749672.7,DOGE
1656892800,0.06559,0.06973,0.06711,0.0693,175010053.7,DOGE
1656806400,0.06474,0.06745,0.06657,0.06711,154264646,DOGE
1656720000,0.0654,0.06793,0.06641,0.06658,181748466.7,DOGE
1656633600,0.06377,0.06876,0.0664,0.06641,305531094.4,DOGE
1656547200,0.06221,0.06964,0.0695,0.0664,415931718.1,DOGE
1656460800,0.06402,0.07168,0.06599,0.06939,394321431.1,DOGE
1656374400,0.0653,0.07328,0.07208,0.06602,322578673,DOGE
1656288000,0.07047,0.07876,0.07294,0.07206,645926332.5,DOGE
1656201600,0.06712,0.07776,0.06849,0.07295,648353981.3,DOGE
1656115200,0.06504,0.06932,0.06687,0.0685,274996305.1,DOGE
1656028800,0.06388,0.06853,0.06395,0.0669,316480056.4,DOGE
1655942400,0.0615,0.0647,0.06163,0.06396,317428670.3,DOGE
1655856000,0.061,0.06579,0.06578,0.06162,546145021.1,DOGE
1655769600,0.05891,0.06988,0.05994,0.06572,746047884.2,DOGE
1655683200,0.05736,0.06145,0.0604,0.05994,382670463.9,DOGE
1655596800,0.05108,0.0629,0.05283,0.0604,791478594.4,DOGE
1655510400,0.04908,0.05783,0.05683,0.05282,601671131.6,DOGE
1655424000,0.05454,0.05806,0.05518,0.05683,362982618.3,DOGE
1655337600,0.05413,0.06283,0.06283,0.05514,629937789.3,DOGE
1655251200,0.05032,0.06388,0.0555,0.06282,916424549.8,DOGE
1655164800,0.04973,0.05837,0.0541,0.05553,666535320.3,DOGE
1655078400,0.05221,0.06616,0.0634,0.05417,1016472903.7,DOGE
1654992000,0.06336,0.0703,0.06987,0.06339,453023242.6,DOGE
1654905600,0.06783,0.07644,0.0753,0.06983,406837164.6,DOGE
1654819200,0.07413,0.07969,0.07931,0.07532,215131244.9,DOGE
1654732800,0.07882,0.08102,0.07922,0.07931,159014378.2,DOGE
1654646400,0.0787,0.08157,0.08031,0.07924,238428384.8,DOGE
1654560000,0.07764,0.0825,0.08242,0.0803,415852234.6,DOGE
1654473600,0.08079,0.08468,0.08102,0.08243,449696889.2,DOGE
1654387200,0.08053,0.08217,0.08183,0.081,216666774.8,DOGE
1654300800,0.07925,0.08246,0.08022,0.08183,336224078.2,DOGE
1654214400,0.0792,0.0829,0.08269,0.08023,227173938.8,DOGE
1654128000,0.0799,0.08309,0.0809,0.08269,120960446.1,DOGE
1654041600,0.0787,0.0894,0.0859,0.081,239663161.4,DOGE
1653955200,0.083,0.0885,0.088,0.0858,261625246.2,DOGE
1653868800,0.082,0.0885,0.0826,0.088,257502579.6,DOGE
1653782400,0.0798,0.0833,0.0818,0.0826,103635673.2,DOGE
1653696000,0.0808,0.0833,0.0814,0.0818,160819657.7,DOGE
1653609600,0.0759,0.09,0.0777,0.0815,484413036.1,DOGE
1653523200,0.0751,0.0837,0.0829,0.0778,206878708.5,DOGE
1653436800,0.082,0.0844,0.0836,0.0829,112971761.6,DOGE
1653350400,0.08,0.0843,0.0832,0.0836,131170800.2,DOGE
1653264000,0.082,0.0884,0.0858,0.0833,149329638.1,DOGE
1653177600,0.0837,0.0866,0.0843,0.0858,66106459,DOGE
1653091200,0.0822,0.0854,0.0837,0.0843,65725157.2,DOGE
1653004800,0.0824,0.088,0.0865,0.0838,122503453.6,DOGE
1652918400,0.0813,0.0875,0.0832,0.0866,180241818.6,DOGE
1652832000,0.083,0.0909,0.0901,0.0833,286831603.4,DOGE
1652745600,0.0867,0.0913,0.0878,0.0901,215156785.7,DOGE
1652659200,0.0858,0.0931,0.093,0.0879,193358425.1,DOGE
1652572800,0.0864,0.0932,0.0893,0.0931,167536036.1,DOGE
1652486400,0.0834,0.0919,0.088,0.0893,221588444.4,DOGE
1652400000,0.0818,0.0963,0.0824,0.088,568051823.7,DOGE
1652313600,0.065,0.0896,0.0848,0.0824,1054833258.4,DOGE
1652227200,0.0694,0.1108,0.1081,0.085,994807593.5,DOGE
1652140800,0.0992,0.1183,0.1019,0.1081,568232888.7,DOGE
1652054400,0.1001,0.1253,0.1241,0.1019,525409592.5,DOGE
1651968000,0.1226,0.1282,0.1273,0.1241,140807955.4,DOGE
1651881600,0.1245,0.1323,0.1278,0.1275,178515316.3,DOGE
1651795200,0.1233,0.1299,0.1282,0.1277,162136074.7,DOGE
1651708800,0.1252,0.1377,0.1359,0.1282,263667337.6,DOGE
1651622400,0.1289,0.1363,0.1295,0.136,163335129.4,DOGE
1651536000,0.1263,0.132,0.1307,0.1294,103396292.2,DOGE
1651449600,0.1275,0.134,0.1327,0.1307,146522037,DOGE
1651363200,0.1262,0.1365,0.1275,0.1326,205262494.6,DOGE
1651276800,0.124,0.1368,0.1349,0.1274,232967033.7,DOGE
1651190400,0.1331,0.145,0.1375,0.135,385880566.8,DOGE
1651104000,0.1353,0.1433,0.14,0.1374,283412236.4,DOGE
1651017600,0.1351,0.146,0.1377,0.1401,366511023.8,DOGE
1650931200,0.1356,0.1667,0.1581,0.1377,1102017282.9,DOGE
1650844800,0.1226,0.1716,0.1319,0.1581,1368813909.9,DOGE
1650758400,0.131,0.1348,0.134,0.1319,77658148.6,DOGE
1650672000,0.1332,0.1368,0.1364,0.134,56742403.4,DOGE
1650585600,0.1346,0.1382,0.1364,0.1364,89666778.2,DOGE
1650499200,0.1341,0.143,0.1407,0.1364,141184860,DOGE
1650412800,0.1391,0.1468,0.1426,0.1408,205039527.8,DOGE
1650326400,0.1391,0.1446,0.1401,0.1426,140585999.4,DOGE
1650240000,0.1331,0.1406,0.1393,0.1402,203617324.9,DOGE
1650153600,0.1384,0.145,0.1436,0.1393,107671672.5,DOGE
1650067200,0.1414,0.1481,0.1459,0.1436,121765751.5,DOGE
1649980800,0.1418,0.1497,0.1442,0.1459,231946320.4,DOGE
1649894400,0.1363,0.1477,0.1399,0.1441,419800623.1,DOGE
1649808000,0.1363,0.1434,0.1381,0.14,170179368.3,DOGE
1649721600,0.1331,0.1445,0.1341,0.1381,473689491.2,DOGE
1649635200,0.1329,0.1515,0.1483,0.1342,431989534.1,DOGE
1649548800,0.1436,0.1577,0.1443,0.1482,462203679.3,DOGE
1649462400,0.1406,0.1447,0.1424,0.1443,88146768.7,DOGE
1649376000,0.1405,0.1534,0.1459,0.1426,367305926,DOGE
1649289600,0.1401,0.1483,0.1432,0.146,337126751.5,DOGE
1649203200,0.1412,0.1747,0.1728,0.1434,950534489.7,DOGE
1649116800,0.1472,0.1801,0.1485,0.1728,1313659654.3,DOGE
1649030400,0.1413,0.1567,0.1466,0.1484,538939904.8,DOGE
1648944000,0.1362,0.1496,0.1388,0.1465,256976640,DOGE
1648857600,0.1381,0.1444,0.1414,0.1388,165564720.3,DOGE
1648771200,0.1321,0.143,0.1381,0.1414,214076362.4,DOGE
1648684800,0.136,0.148,0.1431,0.1381,270939753.6,DOGE
1648598400,0.1381,0.1456,0.1445,0.1432,245130198.9,DOGE
1648512000,0.1405,0.149,0.1424,0.1444,279840780.6,DOGE
1648425600,0.1405,0.1537,0.1447,0.1425,573370925.2,DOGE
1648339200,0.1355,0.1457,0.1361,0.1447,416559820.5,DOGE
1648252800,0.129,0.1372,0.131,0.1361,241451754.7,DOGE
1648166400,0.1275,0.1378,0.1369,0.1309,340011290.4,DOGE
1648080000,0.1277,0.1413,0.1299,0.1368,581638240.5,DOGE
1647993600,0.121,0.1321,0.1224,0.1299,418148075.9,DOGE
1647907200,0.1186,0.1257,0.1192,0.1225,208818661.5,DOGE
1647820800,0.1177,0.1218,0.1193,0.1193,200253477,DOGE
1647734400,0.1175,0.1242,0.1237,0.1193,142928241.1,DOGE
1647648000,0.1184,0.1252,0.1192,0.1237,258601352.7,DOGE
1647561600,0.1142,0.1196,0.1164,0.1192,161458340.9,DOGE
1647475200,0.1159,0.1194,0.1171,0.1164,168991788.1,DOGE
1647388800,0.1121,0.1171,0.1127,0.117,253023392.7,DOGE
1647302400,0.1101,0.1143,0.1139,0.1126,149856503.9,DOGE
1647216000,0.1103,0.1224,0.1115,0.1139,340330047.8,DOGE
1647129600,0.1099,0.1164,0.1149,0.1115,175257022.9,DOGE
1647043200,0.1146,0.1173,0.1154,0.1149,63496275.4,DOGE
1646956800,0.1138,0.1186,0.1168,0.1154,131346505.8,DOGE
1646870400,0.1147,0.1219,0.1216,0.1168,232382936.6,DOGE
1646784000,0.1164,0.1244,0.1171,0.1216,200593510.3,DOGE
1646697600,0.1152,0.12,0.1167,0.1171,197257501.1,DOGE
1646611200,0.1133,0.1227,0.1207,0.1167,170508440.1,DOGE
1646524800,0.1193,0.1256,0.1251,0.1207,138284084.9,DOGE
1646438400,0.1208,0.1257,0.1226,0.1251,68049559.3,DOGE
1646352000,0.1201,0.1302,0.1296,0.1227,210867698,DOGE
1646265600,0.1272,0.1339,0.1331,0.1297,116055755.7,DOGE
1646179200,0.1306,0.1373,0.1342,0.1332,147586850.3,DOGE
1646092800,0.1298,0.1391,0.1334,0.1342,242470988.5,DOGE
1646006400,0.1213,0.1349,0.123,0.1334,262714675.6,DOGE
1645920000,0.1212,0.1285,0.1278,0.1229,196682283,DOGE
1645833600,0.1256,0.1306,0.1278,0.1277,184307851.1,DOGE
1645747200,0.1206,0.1285,0.1241,0.1277,248489961.4,DOGE
1645660800,0.1065,0.1278,0.1273,0.1242,691178591.9,DOGE
1645574400,0.1272,0.1357,0.1313,0.1274,134632123.7,DOGE
1645488000,0.1239,0.1319,0.1283,0.1314,221035225,DOGE
1645401600,0.1271,0.1419,0.1366,0.1282,307909900.4,DOGE
1645315200,0.135,0.1412,0.141,0.1368,158913958.5,DOGE
1645228800,0.1384,0.1465,0.1386,0.141,178676075.3,DOGE
1645142400,0.1361,0.1423,0.1384,0.1386,171799482.3,DOGE
1645056000,0.1369,0.1501,0.1488,0.1384,240469420.9,DOGE
1644969600,0.1463,0.1518,0.1518,0.1488,130904593.8,DOGE
1644883200,0.1448,0.1525,0.1458,0.1518,170434449.9,DOGE
1644796800,0.1429,0.1508,0.1482,0.1458,271092333.1,DOGE
1644710400,0.1437,0.158,0.1444,0.1482,513734755.9,DOGE
1644624000,0.1406,0.1476,0.1447,0.1445,173248724.2,DOGE
1644537600,0.1422,0.1544,0.1516,0.1448,243450171.2,DOGE
1644451200,0.1502,0.161,0.1594,0.1516,311715881.4,DOGE
1644364800,0.1543,0.1625,0.1583,0.1595,365274230.2,DOGE
1644278400,0.153,0.1701,0.1654,0.1584,377263980.1,DOGE
1644192000,0.1515,0.1735,0.1541,0.1654,763252360.8,DOGE
1644105600,0.1447,0.1559,0.147,0.1541,241793182.4,DOGE
1644019200,0.1447,0.1508,0.1479,0.147,198621246.5,DOGE
1643932800,0.137,0.1482,0.1381,0.148,232451724,DOGE
1643846400,0.1347,0.139,0.1372,0.1381,149124896.1,DOGE
1643760000,0.1356,0.1465,0.1425,0.1371,208422755.5,DOGE
1643673600,0.1408,0.1444,0.1416,0.1425,225818151.9,DOGE
1643587200,0.1363,0.1425,0.1393,0.1417,208438510.4,DOGE
1643500800,0.1382,0.1438,0.1431,0.1392,151267742.8,DOGE
1643414400,0.1403,0.1444,0.1416,0.143,154142384.7,DOGE
1643328000,0.1378,0.1428,0.1415,0.1415,189960319.8,DOGE
1643241600,0.1361,0.1461,0.1433,0.1415,275646573.3,DOGE
1643155200,0.1409,0.1536,0.1429,0.1432,487976842.5,DOGE
1643068800,0.1325,0.1543,0.1374,0.143,518555728.8,DOGE
1642982400,0.1258,0.1419,0.1419,0.1374,684730733.7,DOGE
1642896000,0.132,0.1448,0.1333,0.1418,512220774.3,DOGE
1642809600,0.1201,0.1454,0.1422,0.1333,854329257.1,DOGE
1642723200,0.14,0.1578,0.1554,0.1422,532013453.8,DOGE
1642636800,0.1539,0.1694,0.1616,0.1554,285133114.4,DOGE
1642550400,0.1591,0.1696,0.1652,0.1616,317804258.4,DOGE
1642464000,0.1617,0.1743,0.171,0.165,356535365.7,DOGE
1642377600,0.1657,0.1784,0.1767,0.171,360802521.3,DOGE
1642291200,0.1734,0.1848,0.1845,0.1767,352572368.7,DOGE
1642204800,0.1817,0.1948,0.1833,0.1846,501326288.1,DOGE
1642118400,0.1704,0.2151,0.1716,0.1834,1659571748.2,DOGE
1642032000,0.1613,0.1771,0.1628,0.1717,709625286.5,DOGE
1641945600,0.1513,0.1638,0.1539,0.163,278602838.1,DOGE
1641859200,0.1417,0.1673,0.1431,0.1539,396093197.8,DOGE
1641772800,0.1368,0.1522,0.1506,0.1432,248060015,DOGE
1641686400,0.1486,0.1539,0.151,0.1505,120847997.9,DOGE
1641600000,0.1452,0.1579,0.1552,0.151,212254602.9,DOGE
1641513600,0.1491,0.1603,0.1598,0.1551,311955848.9,DOGE
1641427200,0.1539,0.1621,0.1591,0.16,207158119,DOGE
1641340800,0.1475,0.1711,0.1684,0.1591,288143435,DOGE
1641254400,0.1666,0.1726,0.1704,0.1684,150683562.7,DOGE
1641168000,0.1675,0.1745,0.1745,0.1703,177907851.1,DOGE
1641081600,0.1705,0.1764,0.1732,0.1744,92952357.5,DOGE
1640995200,0.1696,0.1738,0.1703,0.1733,97356981,DOGE
1640908800,0.1661,0.176,0.1712,0.1703,213978352.3,DOGE
1640822400,0.1652,0.1758,0.1679,0.1711,152880299.2,DOGE
1640736000,0.1662,0.1775,0.1738,0.1681,191903133.6,DOGE
1640649600,0.1717,0.1881,0.1881,0.1739,245903644.8,DOGE
1640563200,0.1867,0.1929,0.19,0.1879,160009873.4,DOGE
1640476800,0.1851,0.1925,0.1909,0.1899,139166659.2,DOGE
1640390400,0.1849,0.1958,0.1864,0.1911,206824198.4,DOGE
1640304000,0.1793,0.1957,0.1852,0.1862,324274007.1,DOGE
1640217600,0.1712,0.1851,0.173,0.1851,270744966.7,DOGE
1640131200,0.1697,0.1801,0.171,0.173,211686085.9,DOGE
1640044800,0.1658,0.1725,0.1673,0.171,146680006.2,DOGE
1639958400,0.1611,0.1708,0.1694,0.1673,212557512.1,DOGE
1639872000,0.1691,0.1748,0.1725,0.1694,124718842.2,DOGE
1639785600,0.166,0.1759,0.1686,0.1724,128702908.1,DOGE
1639699200,0.1616,0.1766,0.1733,0.1685,254967735.2,DOGE
1639612800,0.1723,0.1857,0.181,0.1732,292892902.2,DOGE
1639526400,0.1704,0.1915,0.1912,0.1811,548644237.1,DOGE
1639440000,0.1549,0.228,0.1574,0.1911,1497188424.6,DOGE
1639353600,0.1514,0.1705,0.1698,0.1574,331781585.7,DOGE
1639267200,0.1656,0.1739,0.1691,0.1698,147106998.5,DOGE
1639180800,0.1613,0.1702,0.1642,0.169,227870140.7,DOGE
1639094400,0.1636,0.1748,0.1691,0.1642,219146527,DOGE
1639008000,0.1687,0.1828,0.1795,0.1692,302315331.1,DOGE
1638921600,0.1724,0.1823,0.1764,0.1794,344901886.9,DOGE
1638835200,0.1748,0.185,0.1786,0.1764,302381020.4,DOGE
1638748800,0.1595,0.1812,0.172,0.1786,491055477.4,DOGE
1638662400,0.1623,0.1827,0.1797,0.1719,388146898.8,DOGE
1638576000,0.1324,0.2014,0.2,0.1798,846068421.8,DOGE
1638489600,0.1907,0.2122,0.2097,0.2,260190954.6,DOGE
1638403200,0.2018,0.2234,0.2095,0.2097,379499944.5,DOGE
1638316800,0.2059,0.2192,0.2149,0.2095,213217916.4,DOGE
1638230400,0.2127,0.2282,0.2152,0.2149,385071109,DOGE
1638144000,0.2029,0.2256,0.2078,0.2151,418892109.3,DOGE
1638057600,0.1917,0.208,0.2053,0.2079,281259355.3,DOGE
1637971200,0.2016,0.2097,0.2027,0.2054,181029045.7,DOGE
1637884800,0.1922,0.2226,0.2219,0.2027,459822614.6,DOGE
1637798400,0.2145,0.2297,0.2175,0.2217,275966869.8,DOGE
1637712000,0.2114,0.2309,0.2271,0.2175,246655250.7,DOGE
1637625600,0.2139,0.2371,0.22,0.2271,304136170.3,DOGE
1637539200,0.2169,0.2277,0.2263,0.2199,204594410,DOGE
1637452800,0.2258,0.2338,0.2335,0.2262,117915486.3,DOGE
1637366400,0.2257,0.2363,0.2336,0.2335,146720402.2,DOGE
1637280000,0.2168,0.2377,0.2218,0.2335,230588192,DOGE
1637193600,0.2162,0.2417,0.2378,0.2219,366752118.5,DOGE
1637107200,0.2302,0.2414,0.2371,0.2377,246023192.2,DOGE
1637020800,0.2237,0.2568,0.2568,0.2371,409872429.4,DOGE
1636934400,0.2555,0.2653,0.263,0.2567,187244743.9,DOGE
1636848000,0.2596,0.2718,0.2613,0.2629,217418657.3,DOGE
1636761600,0.2544,0.2624,0.2596,0.2612,145148491.1,DOGE
1636675200,0.2489,0.2686,0.2606,0.2596,318056497.4,DOGE
1636588800,0.2534,0.2717,0.2556,0.2606,272900616.5,DOGE
1636502400,0.2378,0.2774,0.2737,0.2557,491370388.4,DOGE
1636416000,0.2715,0.2906,0.2821,0.2737,454484692.9,DOGE
1636329600,0.2647,0.2975,0.2667,0.2821,723761754.9,DOGE
1636243200,0.2587,0.2699,0.262,0.2667,197626340.2,DOGE
1662076800,0.4532,0.4602,0.4577,0.4582,13649361.66,ADA
1661990400,0.4408,0.4622,0.4458,0.4576,57455133.53,ADA
1661904000,0.4434,0.4634,0.4532,0.4458,65656577.94,ADA
1661817600,0.4384,0.4631,0.4505,0.453,78096905.66,ADA
1661731200,0.4239,0.453,0.4292,0.4505,73657498.99,ADA
1661644800,0.4273,0.4546,0.45,0.4291,68961241.84,ADA
1661558400,0.4261,0.4515,0.4316,0.45,96345689.11,ADA
1661472000,0.4256,0.4822,0.4642,0.4317,161110176.53,ADA
1661385600,0.4573,0.4741,0.4577,0.4642,70422554.02,ADA
1661299200,0.4535,0.469,0.466,0.4577,58114221.11,ADA
1661212800,0.4457,0.47,0.4615,0.466,56084502.08,ADA
1661126400,0.4373,0.463,0.4626,0.4615,103029275.56,ADA
1661040000,0.4467,0.4728,0.4513,0.4624,87318033.51,ADA
1660953600,0.435,0.4633,0.4499,0.4513,118571393.19,ADA
1660867200,0.4462,0.5121,0.5121,0.4497,215890873.87,ADA
1660780800,0.5079,0.5442,0.5387,0.5121,64719988.13,ADA
1660694400,0.5282,0.5828,0.5568,0.5386,128953659.55,ADA
1660608000,0.5474,0.5701,0.5502,0.5571,65420007.01,ADA
1660521600,0.5429,0.582,0.5703,0.5501,87100106.32,ADA
1660435200,0.5571,0.595,0.5597,0.5701,109962781.82,ADA
1660348800,0.5381,0.5685,0.5407,0.5598,91736573.59,ADA
1660262400,0.5209,0.5425,0.5306,0.5407,43512763.42,ADA
1660176000,0.5287,0.5482,0.5377,0.5306,81051694.87,ADA
1660089600,0.5022,0.539,0.5131,0.5376,101760097.54,ADA
1660003200,0.5054,0.5376,0.5372,0.513,73624846.96,ADA
1659916800,0.5229,0.5497,0.5277,0.5372,82455329.69,ADA
1659830400,0.5057,0.538,0.5114,0.5277,55969954.44,ADA
1659744000,0.5102,0.5235,0.5176,0.5114,43751112.44,ADA
1659657600,0.4992,0.5194,0.4998,0.5176,53475805.1,ADA
1659571200,0.4937,0.5112,0.501,0.4997,51376142.48,ADA
1659484800,0.4892,0.5172,0.4967,0.5009,56698603.49,ADA
1659398400,0.4889,0.5158,0.5128,0.4966,76455587.49,ADA
1659312000,0.5008,0.5268,0.5165,0.5128,73735836.23,ADA
1659225600,0.5133,0.5444,0.5267,0.5165,79424673.87,ADA
1659139200,0.5089,0.5558,0.5222,0.5267,127460070.7,ADA
1659052800,0.5065,0.5455,0.513,0.5222,163937273.1,ADA
1658966400,0.4885,0.5242,0.5113,0.5129,128504449.17,ADA
1658880000,0.4588,0.5124,0.4681,0.5113,130137067.17,ADA
1658793600,0.4508,0.4775,0.475,0.4683,109611206.07,ADA
1658707200,0.474,0.5158,0.5119,0.4749,84346328.12,ADA
1658620800,0.5093,0.5366,0.5172,0.512,76162007.47,ADA
1658534400,0.4731,0.5189,0.4832,0.5171,91435845.89,ADA
1658448000,0.4775,0.5116,0.4996,0.483,77301017.74,ADA
1658361600,0.4751,0.5027,0.4908,0.4996,125817723.06,ADA
1658275200,0.4866,0.5489,0.5152,0.4911,187221752.45,ADA
1658188800,0.4735,0.5268,0.4901,0.5151,180703250.91,ADA
1658102400,0.4456,0.4994,0.4477,0.49,220720171.95,ADA
1658016000,0.4417,0.4658,0.4578,0.4477,85576074.02,ADA
1657929600,0.4316,0.4591,0.4419,0.4579,74868017.59,ADA
1657843200,0.4326,0.454,0.4414,0.4419,119045708.9,ADA
1657756800,0.4166,0.446,0.4381,0.4414,123889639.08,ADA
1657670400,0.4019,0.44,0.4165,0.4382,165169356.83,ADA
1657584000,0.415,0.442,0.4342,0.4165,86680083.47,ADA
1657497600,0.4312,0.4626,0.4621,0.4344,85042716.07,ADA
1657411200,0.4549,0.4797,0.4777,0.4622,57622909.57,ADA
1657324800,0.4648,0.4847,0.4657,0.4777,61167151.56,ADA
1657238400,0.46,0.4927,0.4775,0.4657,93840962.74,ADA
1657152000,0.4604,0.4824,0.4619,0.4774,83157690.75,ADA
1657065600,0.4465,0.4648,0.4567,0.4619,76756525.33,ADA
1656979200,0.4442,0.4711,0.4692,0.4567,93718817.41,ADA
1656892800,0.4443,0.4755,0.4556,0.469,79188771.28,ADA
1656806400,0.4431,0.4593,0.4552,0.4555,42651768.97,ADA
1656720000,0.44,0.4609,0.4482,0.4552,47065388.89,ADA
1656633600,0.4422,0.474,0.46,0.4479,104900784.21,ADA
1656547200,0.4343,0.4672,0.4659,0.4598,133737584.93,ADA
1656460800,0.4583,0.4767,0.4688,0.4658,99899013.89,ADA
1656374400,0.4665,0.4971,0.4853,0.469,94183598.54,ADA
1656288000,0.4755,0.5086,0.4897,0.4853,80509659.32,ADA
1656201600,0.4885,0.5255,0.4981,0.4899,100720967.96,ADA
1656115200,0.4782,0.5073,0.498,0.4982,80940603.35,ADA
1656028800,0.4757,0.5093,0.4799,0.4979,107704836.17,ADA
1655942400,0.456,0.483,0.459,0.4798,95619781.45,ADA
1655856000,0.4556,0.4809,0.4808,0.4589,101466584.89,ADA
1655769600,0.4741,0.5105,0.491,0.4808,147705203.67,ADA
1655683200,0.4607,0.5088,0.484,0.4913,127270548.84,ADA
1655596800,0.4352,0.4895,0.4543,0.484,160363101.98,ADA
1655510400,0.4201,0.4947,0.4868,0.4544,178043518.79,ADA
1655424000,0.4708,0.5032,0.4754,0.4868,130496025.11,ADA
1655337600,0.4666,0.5466,0.5339,0.4756,160047664.58,ADA
1655251200,0.4478,0.5388,0.4826,0.5343,338329443.2,ADA
1655164800,0.4352,0.5194,0.4635,0.4828,318937751.45,ADA
1655078400,0.4357,0.4983,0.4899,0.4636,421461647.84,ADA
1654992000,0.4885,0.5606,0.5538,0.4899,205421507.5,ADA
1654905600,0.5424,0.617,0.5736,0.5535,128648023.29,ADA
1654819200,0.5702,0.6356,0.6321,0.5737,162892413.65,ADA
1654732800,0.625,0.6573,0.6404,0.6321,123278887.46,ADA
1654646400,0.6082,0.6691,0.6134,0.6405,205687679.33,ADA
1654560000,0.5706,0.645,0.6087,0.6136,186055410.28,ADA
1654473600,0.5646,0.6454,0.567,0.6087,210533266.07,ADA
1654387200,0.5532,0.5803,0.5663,0.5669,60763844.33,ADA
1654300800,0.5441,0.5714,0.5593,0.5662,72041202.17,ADA
1654214400,0.5378,0.6049,0.5871,0.5594,139224383.51,ADA
1654128000,0.5483,0.598,0.5514,0.587,172333844.23,ADA
1654041600,0.5358,0.631,0.6264,0.5515,177173384.31,ADA
1653955200,0.5677,0.689,0.5697,0.6263,285278832.16,ADA
1653868800,0.4765,0.5779,0.4818,0.5697,124235454.04,ADA
1653782400,0.4558,0.4824,0.4643,0.4817,49099450.17,ADA
1653696000,0.4455,0.4688,0.4561,0.4643,52909618.33,ADA
1653609600,0.445,0.4834,0.4785,0.4562,133272478.44,ADA
1653523200,0.461,0.5204,0.5138,0.4785,93330369.67,ADA
1653436800,0.5064,0.532,0.5213,0.5139,54033189.37,ADA
1653350400,0.4921,0.5246,0.513,0.5214,75384777.88,ADA
1653264000,0.5036,0.5589,0.5411,0.5129,66212225.25,ADA
1653177600,0.521,0.5478,0.5279,0.5413,35281038.38,ADA
1653091200,0.5081,0.538,0.5157,0.5279,35245556.22,ADA
1653004800,0.5008,0.5442,0.5329,0.5155,83778682.93,ADA
1652918400,0.4909,0.5464,0.5051,0.5326,73137010.36,ADA
1652832000,0.502,0.5859,0.577,0.5053,87090432.73,ADA
1652745600,0.55,0.5996,0.5561,0.577,72308439.49,ADA
1652659200,0.5436,0.6135,0.5977,0.5561,95586214.4,ADA
1652572800,0.5137,0.5999,0.537,0.598,84918919.9,ADA
1652486400,0.4879,0.5565,0.5281,0.5371,90751875.74,ADA
1652400000,0.4678,0.6069,0.4723,0.5281,194184455.29,ADA
1652313600,0.39,0.55,0.5161,0.4724,302112281.19,ADA
1652227200,0.4685,0.6629,0.6282,0.5161,311609866.59,ADA
1652140800,0.5829,0.7021,0.6028,0.6283,229219433.5,ADA
1652054400,0.6,0.754,0.7401,0.6018,213289138.31,ADA
1651968000,0.7256,0.7659,0.7598,0.7403,60522189,ADA
1651881600,0.7467,0.7859,0.7833,0.7598,40658639.31,ADA
1651795200,0.7622,0.7993,0.7883,0.7831,67535550.13,ADA
1651708800,0.7717,0.9052,0.8983,0.7884,115818008.88,ADA
1651622400,0.7676,0.899,0.7711,0.8983,77542412.72,ADA
1651536000,0.76,0.7994,0.7805,0.7711,38413769.32,ADA
1651449600,0.7636,0.7971,0.7895,0.7806,51891229.75,ADA
1651363200,0.7452,0.8002,0.7558,0.7896,63290070.87,ADA
1651276800,0.7357,0.818,0.805,0.7558,64218106.87,ADA
1651190400,0.7893,0.8494,0.8432,0.8049,59378862.25,ADA
1651104000,0.8257,0.8529,0.8405,0.8433,45973421.77,ADA
1651017600,0.8192,0.856,0.8258,0.8405,50643834.45,ADA
1650931200,0.8166,0.9032,0.898,0.8259,68602667.38,ADA
1650844800,0.8267,0.9033,0.8859,0.8975,82751434.23,ADA
1650758400,0.8772,0.899,0.8869,0.886,21840374.53,ADA
1650672000,0.8821,0.9128,0.9064,0.8873,20009235.26,ADA
1650585600,0.8908,0.9247,0.9101,0.9064,33272639.38,ADA
1650499200,0.8922,0.9707,0.9367,0.9102,44822082.22,ADA
1650412800,0.9309,0.9755,0.9526,0.9367,39035207.21,ADA
1650326400,0.9272,0.957,0.9367,0.9524,37117160.63,ADA
1650240000,0.8744,0.9382,0.9148,0.9367,56052555.88,ADA
1650153600,0.912,0.9625,0.9514,0.9148,22296536.11,ADA
1650067200,0.9374,0.963,0.9558,0.9514,20412257.97,ADA
1649980800,0.9293,0.9589,0.9322,0.9553,28190817.18,ADA
1649894400,0.9228,0.9854,0.9748,0.9325,43069932.87,ADA
1649808000,0.9349,0.98,0.9545,0.9748,42403390.38,ADA
1649721600,0.9157,0.9836,0.9199,0.9545,62045907.53,ADA
1649635200,0.917,1.0329,1.0274,0.9198,96928149.01,ADA
1649548800,1.0231,1.0699,1.0453,1.0274,26316466.2,ADA
1649462400,1.0213,1.0481,1.0247,1.0453,28494643.26,ADA
1649376000,1.019,1.0995,1.0887,1.0245,56221626.15,ADA
1649289600,1.039,1.1195,1.0524,1.0894,66020852.46,ADA
1649203200,1.0479,1.1733,1.1712,1.0525,113961565.01,ADA
1649116800,1.1637,1.2187,1.212,1.1705,46556645.87,ADA
1649030400,1.1608,1.2458,1.1863,1.2117,99276047.97,ADA
1648944000,1.1436,1.2,1.1564,1.1865,37982559.65,ADA
1648857600,1.1476,1.1961,1.1662,1.1562,56939385.99,ADA
1648771200,1.104,1.1751,1.1416,1.1654,86040630.27,ADA
1648684800,1.1331,1.2287,1.1903,1.1417,113833229.2,ADA
1648598400,1.1628,1.2182,1.1911,1.1906,72542288,ADA
1648512000,1.1667,1.2426,1.1691,1.1909,91591733.3,ADA
1648425600,1.158,1.2462,1.1842,1.1694,136032679.49,ADA
1648339200,1.1052,1.1872,1.1528,1.1845,65733416.11,ADA
1648252800,1.08,1.1595,1.0969,1.153,79564451.2,ADA
1648166400,1.0723,1.1669,1.1314,1.0966,132892712.11,ADA
1648080000,1.0805,1.19,1.1086,1.1314,193739468.76,ADA
1647993600,0.9575,1.1104,0.9752,1.1087,202463412.76,ADA
1647907200,0.908,0.9887,0.9179,0.9753,97598600.51,ADA
1647820800,0.8631,0.93,0.8788,0.9179,62081430.14,ADA
1647734400,0.8643,0.916,0.9029,0.879,45508548.46,ADA
1647648000,0.851,0.9164,0.8522,0.903,60988670.78,ADA
1647561600,0.8216,0.86,0.8363,0.852,44879680.43,ADA
1647475200,0.8283,0.858,0.8391,0.8365,49071648.19,ADA
1647388800,0.7941,0.8401,0.7992,0.8393,71660052.99,ADA
1647302400,0.7828,0.8172,0.8026,0.7992,53954795.63,ADA
1647216000,0.777,0.813,0.7872,0.8028,52058611.92,ADA
1647129600,0.7807,0.8205,0.7896,0.7875,42300673.43,ADA
1647043200,0.7856,0.8018,0.7885,0.7898,33024694.01,ADA
1646956800,0.7826,0.8194,0.8068,0.7884,65030253.53,ADA
1646870400,0.787,0.8541,0.8495,0.807,68907516.56,ADA
1646784000,0.7993,0.8631,0.802,0.8495,76855159.71,ADA
1646697600,0.7876,0.8213,0.7931,0.8021,76973355.12,ADA
1646611200,0.7774,0.8469,0.823,0.7932,90145087.52,ADA
1646524800,0.8196,0.872,0.8652,0.823,44563261.31,ADA
1646438400,0.819,0.883,0.8448,0.8654,60894863.14,ADA
1646352000,0.827,0.9029,0.9019,0.845,77935400.51,ADA
1646265600,0.8837,0.946,0.9395,0.9021,71860077.03,ADA
1646179200,0.9276,0.9774,0.9643,0.9394,83022741.74,ADA
1646092800,0.94,1.0142,0.964,0.9643,114858104.35,ADA
1646006400,0.8425,0.97,0.8567,0.964,111134770.7,ADA
1645920000,0.8327,0.9152,0.8875,0.8569,73938481.08,ADA
1645833600,0.8817,0.9304,0.8997,0.8873,62117579.09,ADA
1645747200,0.8241,0.91,0.8534,0.8997,110950646.59,ADA
1645660800,0.7474,0.905,0.8666,0.8533,272354246.81,ADA
1645574400,0.8633,0.9604,0.8883,0.8664,123887036.47,ADA
1645488000,0.8139,0.897,0.8575,0.8881,180973463.65,ADA
1645401600,0.852,0.9925,0.9317,0.8572,166847583.48,ADA
1645315200,0.9191,0.9983,0.9972,0.9319,110716424.57,ADA
1645228800,0.9739,1.0196,0.9959,0.9969,68090617.71,ADA
1645142400,0.9847,1.043,1.0206,0.9958,90025938.13,ADA
1645056000,1.009,1.0943,1.0834,1.0203,69002542.69,ADA
1644969600,1.066,1.1126,1.1085,1.0833,54454972.34,ADA
1644883200,1.0492,1.1163,1.0501,1.1087,74560936.03,ADA
1644796800,1.0184,1.0553,1.0429,1.05,72366907.61,ADA
1644710400,1.0328,1.0777,1.0595,1.0431,51559918.48,ADA
1644624000,1.03,1.0931,1.0804,1.0596,72908261.76,ADA
1644537600,1.0676,1.1642,1.1515,1.0803,87692882.07,ADA
1644451200,1.1445,1.225,1.1947,1.1515,107401695.38,ADA
1644364800,1.1523,1.216,1.1764,1.1947,81723558.83,ADA
1644278400,1.1336,1.2639,1.1991,1.1764,122033524.12,ADA
1644192000,1.1261,1.21,1.1438,1.1991,124152495.63,ADA
1644105600,1.0983,1.1509,1.1259,1.1436,51689034.46,ADA
1644019200,1.0972,1.1785,1.1396,1.1255,84337984.66,ADA
1643932800,1.0458,1.14,1.0608,1.1398,94235952.67,ADA
1643846400,1.0174,1.0622,1.0274,1.061,81980070.63,ADA
1643760000,1.0232,1.103,1.0966,1.0268,95925063.58,ADA
1643673600,1.0352,1.0968,1.0525,1.0965,98217378.69,ADA
1643587200,1.01,1.0596,1.0362,1.0524,92189401.73,ADA
1643500800,1.024,1.0776,1.0604,1.0359,52965167.17,ADA
1643414400,1.0382,1.0839,1.0486,1.0603,64059801.51,ADA
1643328000,1.0092,1.0608,1.0429,1.0486,101501039.48,ADA
1643241600,1.0005,1.0809,1.0779,1.0428,132114958.68,ADA
1643155200,1.0227,1.1617,1.043,1.0784,199919647.59,ADA
1643068800,0.9921,1.0748,1.0664,1.043,130784236.71,ADA
1642982400,0.951,1.1253,1.125,1.0664,266480460.08,ADA
1642896000,1.0511,1.17,1.0712,1.1249,169612916.38,ADA
1642809600,0.9235,1.1562,1.1205,1.0713,345426124.83,ADA
1642723200,1.101,1.2879,1.259,1.1211,271741360.35,ADA
1642636800,1.25,1.427,1.336,1.2589,167831926.13,ADA
1642550400,1.3259,1.5346,1.4586,1.3366,172084490.06,ADA
1642464000,1.4102,1.64,1.6031,1.4589,183975761.78,ADA
1642377600,1.3871,1.6068,1.4121,1.6027,213635553.98,ADA
1642291200,1.2867,1.4236,1.2923,1.4118,107729976.44,ADA
1642204800,1.2517,1.3193,1.2931,1.2922,37195907.35,ADA
1642118400,1.2186,1.31,1.2323,1.2931,75989231.78,ADA
1642032000,1.2273,1.3549,1.313,1.2328,80647676.12,ADA
1641945600,1.1874,1.3141,1.1877,1.313,85302050.58,ADA
1641859200,1.1222,1.1963,1.1232,1.1879,65082991.55,ADA
1641772800,1.0706,1.1813,1.1702,1.1235,101814559.2,ADA
1641686400,1.1474,1.2068,1.1824,1.1707,59707592.58,ADA
1641600000,1.126,1.254,1.2096,1.1827,92792139.92,ADA
1641513600,1.189,1.285,1.2792,1.2093,108193614.4,ADA
1641427200,1.186,1.2969,1.2303,1.2794,90182146.61,ADA
1641340800,1.194,1.3532,1.3093,1.2304,88384779.1,ADA
1641254400,1.2947,1.3519,1.3189,1.3092,53827919.71,ADA
1641168000,1.3087,1.3782,1.3777,1.3186,58622712.43,ADA
1641081600,1.3385,1.3917,1.3796,1.3779,36457985.23,ADA
1640995200,1.305,1.3799,1.3082,1.3797,49289114.64,ADA
1640908800,1.28,1.3832,1.3582,1.3082,75407241.07,ADA
1640822400,1.2979,1.3786,1.3321,1.3585,62342074.95,ADA
1640736000,1.3218,1.4378,1.3994,1.3322,72044988.27,ADA
1640649600,1.3761,1.5397,1.5164,1.3998,91052914.49,ADA
1640563200,1.4512,1.5934,1.4557,1.5164,71946493.29,ADA
1640476800,1.4082,1.468,1.4542,1.4549,44040852.16,ADA
1640390400,1.3813,1.4607,1.3935,1.4542,36451494.3,ADA
1640304000,1.3814,1.4911,1.4748,1.3935,57127593.85,ADA
1640217600,1.3074,1.4904,1.3281,1.4743,97844844.82,ADA
1640131200,1.2764,1.3687,1.2801,1.3279,76620410.27,ADA
1640044800,1.2278,1.29,1.2378,1.2801,52860046.67,ADA
1639958400,1.2014,1.2609,1.2442,1.2381,75993908.27,ADA
1639872000,1.2405,1.3358,1.2431,1.2443,76578326.23,ADA
1639785600,1.2003,1.2671,1.2176,1.243,50292409.98,ADA
1639699200,1.1829,1.2589,1.2396,1.2178,80785625.82,ADA
1639612800,1.2354,1.3313,1.3118,1.2395,65906533.08,ADA
1639526400,1.2045,1.3325,1.2671,1.3114,92447442.77,ADA
1639440000,1.1993,1.2853,1.2247,1.2675,81576010.92,ADA
1639353600,1.2,1.3582,1.347,1.2252,98160986.97,ADA
1639267200,1.3202,1.4154,1.3545,1.3471,59670663.62,ADA
1639180800,1.1926,1.362,1.2112,1.3544,94184256.58,ADA
1639094400,1.2063,1.3345,1.2894,1.2115,118869778.24,ADA
1639008000,1.2877,1.4096,1.3977,1.2894,103893055,ADA
1638921600,1.3401,1.4251,1.3798,1.3977,95355728.05,ADA
1638835200,1.3659,1.4808,1.4209,1.3798,128023696.06,ADA
1638748800,1.257,1.4446,1.381,1.4209,166328398.34,ADA
1638662400,1.2858,1.4372,1.4209,1.3805,152874606.79,ADA
1638576000,1.3,1.5593,1.5566,1.421,151436955.04,ADA
1638489600,1.5146,1.7301,1.721,1.5573,106630453.02,ADA
1638403200,1.5193,1.7608,1.5479,1.7209,154688938.48,ADA
1638316800,1.533,1.6241,1.5552,1.548,77606872.57,ADA
1638230400,1.546,1.63,1.603,1.5552,88998950.94,ADA
1638144000,1.5589,1.6376,1.5952,1.603,66260267.14,ADA
1638057600,1.419,1.601,1.5447,1.5953,110055133.01,ADA
1637971200,1.532,1.5866,1.5333,1.5447,54101869.15,ADA
1637884800,1.5,1.6862,1.6769,1.5345,164281646.59,ADA
1637798400,1.6206,1.7504,1.6663,1.6762,94896693.4,ADA
1637712000,1.5863,1.7509,1.7505,1.666,171367527.47,ADA
1637625600,1.74,1.8169,1.7782,1.7505,74430169.2,ADA
1637539200,1.7587,1.8397,1.8361,1.7779,74955946.02,ADA
1637452800,1.8343,1.9254,1.9238,1.8355,43583290.09,ADA
1637366400,1.8621,1.9577,1.8651,1.9236,53675752.88,ADA
1637280000,1.74,1.8967,1.7877,1.865,86323118.52,ADA
1637193600,1.7011,1.9091,1.8777,1.7867,132663231.09,ADA
1637107200,1.7967,1.8937,1.8759,1.8777,104995452.24,ADA
1637020800,1.7626,2.0186,2.0184,1.8759,188143420.29,ADA
1636934400,2.0125,2.0947,2.0397,2.0183,51415542.73,ADA
1636848000,2.011,2.07,2.0506,2.0392,42175639.5,ADA
1636761600,2.0217,2.08,2.0454,2.0508,42830765.84,ADA
1636675200,1.9921,2.0996,2.0796,2.0454,120230585.1,ADA
1636588800,2.0555,2.1532,2.0996,2.0792,98683919.21,ADA
1636502400,1.9363,2.3299,2.2692,2.0996,202577941.42,ADA
1636416000,2.1063,2.38,2.1271,2.2687,253523654.06,ADA
1636329600,2.0105,2.1426,2.0226,2.1271,105638476.89,ADA
1636243200,1.9762,2.0373,2.0062,2.0228,43877563.81,ADA
1662076800,7.122,7.299,7.185,7.294,500860.327,DOT
1661990400,6.863,7.202,7.032,7.184,1229852.634,DOT
1661904000,6.98,7.29,7.01,7.036,1330133.339,DOT
1661817600,6.883,7.379,7.274,7.012,1434936.647,DOT
1661731200,6.784,7.31,6.86,7.276,1417985.189,DOT
1661644800,6.805,7.15,7.043,6.861,729349.591,DOT
1661558400,6.799,7.1,6.925,7.044,1334981.612,DOT
1661472000,6.865,7.68,7.58,6.922,1395356.939,DOT
1661385600,7.455,7.76,7.563,7.583,796515.083,DOT
1661299200,7.416,7.779,7.642,7.564,1054577.974,DOT
1661212800,7.184,7.712,7.402,7.637,1073748.732,DOT
1661126400,7,7.444,7.443,7.401,1353265.807,DOT
1661040000,7.168,7.527,7.228,7.437,1010685.943,DOT
1660953600,7.018,7.521,7.304,7.228,1487922.788,DOT
1660867200,7.231,8.093,8.083,7.303,2479156.749,DOT
1660780800,8.001,8.595,8.375,8.083,1495127.03,DOT
1660694400,8.309,9.171,8.843,8.372,1669061.594,DOT
1660608000,8.638,8.955,8.788,8.843,1911042.928,DOT
1660521600,8.628,9.391,8.958,8.787,1808673.997,DOT
1660435200,8.833,9.563,9.311,8.955,1564959.596,DOT
1660348800,9.258,9.683,9.482,9.31,1183266.106,DOT
1660262400,9.035,9.506,9.204,9.487,1566218.708,DOT
1660176000,9.13,9.652,9.53,9.204,1395704.524,DOT
1660089600,8.544,9.648,8.902,9.529,1981439.052,DOT
1660003200,8.66,9.469,9.273,8.902,1501561.349,DOT
1659916800,8.641,9.393,8.654,9.276,2193678.987,DOT
1659830400,8.348,8.937,8.523,8.655,989088.753,DOT
1659744000,8.485,8.883,8.808,8.521,1014085.508,DOT
1659657600,8.074,8.835,8.092,8.81,1861685.914,DOT
1659571200,7.883,8.277,8.001,8.092,1188733.172,DOT
1659484800,7.68,8.507,7.931,8.003,2574639.558,DOT
1659398400,7.682,8.285,8.184,7.928,2485351.808,DOT
1659312000,8.033,8.988,8.629,8.18,1937768.388,DOT
1659225600,8.079,9.206,8.213,8.633,1840391.74,DOT
1659139200,8.158,8.848,8.189,8.212,1807595.49,DOT
1659052800,7.764,8.424,7.856,8.186,2419351.762,DOT
1658966400,7.465,8.2,7.686,7.856,3094755.388,DOT
1658880000,6.651,7.71,6.778,7.687,1689556.959,DOT
1658793600,6.525,6.795,6.759,6.782,1710571.407,DOT
1658707200,6.737,7.449,7.389,6.757,1744434.191,DOT
1658620800,7.31,7.586,7.326,7.394,793976.415,DOT
1658534400,7.082,7.492,7.294,7.321,1093503.341,DOT
1658448000,7.26,7.856,7.528,7.295,1187015.062,DOT
1658361600,7.175,7.595,7.46,7.528,1407711.314,DOT
1658275200,7.366,8.081,7.794,7.469,2044848.025,DOT
1658188800,7.496,8.032,7.655,7.794,2533959.496,DOT
1658102400,6.903,7.723,6.915,7.654,2110478.144,DOT
1658016000,6.874,7.326,7.193,6.919,1028575.249,DOT
1657929600,6.561,7.218,6.795,7.192,1639040.299,DOT
1657843200,6.652,6.99,6.72,6.794,1465435.404,DOT
1657756800,6.28,6.764,6.461,6.722,893513.045,DOT
1657670400,6,6.547,6.279,6.464,1355171.412,DOT
1657584000,6.25,6.618,6.52,6.273,1269236.439,DOT
1657497600,6.5,6.9,6.855,6.521,1104817.684,DOT
1657411200,6.758,7.262,7.249,6.855,846047.358,DOT
1657324800,7.035,7.357,7.035,7.249,661331.734,DOT
1657238400,6.929,7.455,7.303,7.041,961288.225,DOT
1657152000,6.878,7.347,6.917,7.3,1184105.095,DOT
1657065600,6.683,7.005,6.84,6.914,1766624.139,DOT
1656979200,6.592,7.212,7.164,6.845,1478250.831,DOT
1656892800,6.66,7.206,6.844,7.156,879133.272,DOT
1656806400,6.605,6.981,6.816,6.844,624293.699,DOT
1656720000,6.616,6.902,6.745,6.814,1019043.117,DOT
1656633600,6.537,7.246,7.065,6.743,1990287.973,DOT
1656547200,6.632,7.099,7.031,7.064,2030836.803,DOT
1656460800,6.947,7.438,7.306,7.029,1856898.089,DOT
1656374400,7.251,7.988,7.733,7.303,1278408.137,DOT
1656288000,7.677,8.198,7.825,7.734,1006353.401,DOT
1656201600,7.803,8.48,8.129,7.832,1067484.278,DOT
1656115200,7.789,8.364,8.186,8.126,1001489.798,DOT
1656028800,7.72,8.332,7.773,8.182,1269781.611,DOT
1655942400,7.35,7.815,7.383,7.774,2411852.745,DOT
1655856000,7.345,7.811,7.751,7.384,1500508.183,DOT
1655769600,7.666,8.276,7.857,7.751,1350342.276,DOT
1655683200,7.162,8.01,7.521,7.87,1462451.056,DOT
1655596800,6.76,7.638,7.041,7.521,1759126.186,DOT
1655510400,6.442,7.409,7.27,7.044,2619527.738,DOT
1655424000,7.025,7.456,7.119,7.269,1991633.003,DOT
1655337600,6.964,8.544,8.486,7.113,2754241.021,DOT
1655251200,6.828,8.78,7.36,8.491,3858966.977,DOT
1655164800,6.668,7.543,7.035,7.349,3575354.974,DOT
1655078400,6.347,7.467,7.391,7.032,5335354.82,DOT
1654992000,7.377,8.099,8.033,7.393,2430394.285,DOT
1654905600,7.897,8.842,8.65,8.03,1952879.974,DOT
1654819200,8.516,9.362,9.221,8.652,1874953.922,DOT
1654732800,8.905,9.457,8.998,9.228,1383890.046,DOT
1654646400,8.896,9.39,9.215,8.995,904652.028,DOT
1654560000,8.839,9.498,9.498,9.214,1599867.244,DOT
1654473600,9.307,9.927,9.335,9.492,1410795.61,DOT
1654387200,9.245,9.544,9.443,9.339,574497.69,DOT
1654300800,9.123,9.545,9.369,9.44,1287016.395,DOT
1654214400,9.2,9.92,9.879,9.365,1454800.517,DOT
1654128000,9.29,10.05,9.45,9.88,1426148.588,DOT
1654041600,9.26,10.74,10.36,9.45,1619828.715,DOT
1653955200,9.94,10.64,10.46,10.34,1157251.338,DOT
1653868800,9.9,10.78,9.98,10.47,1853022.824,DOT
1653782400,9.32,10.03,9.64,9.98,924235.215,DOT
1653696000,8.95,9.78,9.1,9.64,924497.396,DOT
1653609600,8.56,10.02,9.14,9.11,2240808.964,DOT
1653523200,8.79,10,9.87,9.12,1732170.423,DOT
1653436800,9.77,10.33,10.18,9.87,1099698.52,DOT
1653350400,9.56,10.26,9.88,10.18,806237.25,DOT
1653264000,9.79,10.73,10.15,9.88,1253247.774,DOT
1653177600,9.86,10.32,9.98,10.14,594267.433,DOT
1653091200,9.46,10.08,9.67,9.98,706372.695,DOT
1653004800,9.44,10.25,10.02,9.67,1216716.441,DOT
1652918400,9.21,10.39,9.47,10.02,1391948.539,DOT
1652832000,9.43,11.16,11.04,9.47,1315537.832,DOT
1652745600,10.42,11.33,10.62,11.02,1244180.471,DOT
1652659200,10.36,11.8,11.79,10.62,1508850.506,DOT
1652572800,10.56,11.84,11.29,11.79,1479234.766,DOT
1652486400,9.75,11.6,10.45,11.28,2190400.275,DOT
1652400000,8.54,11.79,8.68,10.44,4559012.678,DOT
1652313600,7,9.49,9.05,8.68,3970998.998,DOT
1652227200,8.03,11.64,11.35,9.05,5455655.555,DOT
1652140800,10.27,12.45,10.64,11.35,3781306.305,DOT
1652054400,10.52,13.48,13.26,10.64,2797680.867,DOT
1651968000,13.03,13.86,13.74,13.26,888885.393,DOT
1651881600,13.37,14.37,14.33,13.73,722230.275,DOT
1651795200,13.81,14.67,14.57,14.32,1467198.556,DOT
1651708800,14.05,16.44,16.33,14.59,1357541.725,DOT
1651622400,14.67,16.34,14.72,16.32,956285.528,DOT
1651536000,14.51,15.24,14.95,14.73,595756.357,DOT
1651449600,14.55,15.59,15.35,14.95,984673.201,DOT
1651363200,14.49,15.53,14.5,15.36,753538.047,DOT
1651276800,14.18,16.45,16.19,14.51,824557.472,DOT
1651190400,16,17.07,16.98,16.19,679459.444,DOT
1651104000,16.76,17.45,16.95,16.97,751885.557,DOT
1651017600,16.49,17.28,16.67,16.95,649438.614,DOT
1650931200,16.41,18.32,18.11,16.69,976405.4,DOT
1650844800,17.12,18.25,18.16,18.1,894203.062,DOT
1650758400,18.07,19.16,18.71,18.15,460540.816,DOT
1650672000,18,19.26,18.27,18.7,630910.809,DOT
1650585600,18.08,18.53,18.18,18.27,624833.317,DOT
1650499200,18.04,19.68,19.09,18.18,758695.167,DOT
1650412800,18.54,19.53,18.89,19.1,646157.512,DOT
1650326400,18.04,18.96,18.15,18.88,526315.296,DOT
1650240000,17.11,18.36,17.74,18.16,642154.438,DOT
1650153600,17.66,18.82,18.6,17.74,342396.289,DOT
1650067200,18.18,18.7,18.36,18.62,296752.409,DOT
1649980800,17.79,18.43,17.9,18.36,435797.417,DOT
1649894400,17.45,18.49,18.2,17.91,503962.517,DOT
1649808000,17.38,18.29,17.77,18.19,572970.688,DOT
1649721600,17.17,18.04,17.2,17.77,997907.588,DOT
1649635200,17,19.29,19.22,17.21,1669375.894,DOT
1649548800,19.17,20.25,19.77,19.23,476271.383,DOT
1649462400,19.29,19.83,19.43,19.77,529051.14,DOT
1649376000,19.14,20.58,20.4,19.44,599482.718,DOT
1649289600,19.47,20.66,19.84,20.41,754417.905,DOT
1649203200,19.7,21.83,21.78,19.85,1532758.284,DOT
1649116800,21.69,23.13,22.91,21.78,868357.619,DOT
1649030400,21.61,23.23,23.22,22.91,1131873.876,DOT
1648944000,22.53,23.58,22.61,23.21,1237492.256,DOT
1648857600,21.95,23.86,22.07,22.62,1134738.832,DOT
1648771200,20.61,22.17,21.34,22.07,1079747.27,DOT
1648684800,21.08,23.08,22.45,21.35,1662880.633,DOT
1648598400,21.66,23.01,22.42,22.46,1368627.402,DOT
1648512000,21.85,22.96,21.97,22.44,1078105.385,DOT
1648425600,21.79,23.34,22.47,21.97,1515141.31,DOT
1648339200,20.73,22.49,20.93,22.48,1010974.522,DOT
1648252800,20.25,21.05,20.55,20.91,853654.605,DOT
1648166400,20.2,21.39,21.25,20.55,927142.224,DOT
1648080000,20.27,21.5,21.02,21.25,1130788.676,DOT
1647993600,19.81,21.14,20.21,21.01,1196198.201,DOT
1647907200,18.68,20.49,18.75,20.23,1134913.471,DOT
1647820800,18.41,19.07,18.66,18.75,689455.385,DOT
1647734400,18.33,19.47,19.42,18.65,827402.732,DOT
1647648000,18.87,19.8,18.95,19.42,931831.48,DOT
1647561600,18.14,19.22,18.77,18.96,800001.784,DOT
1647475200,18.64,19.35,19.07,18.75,828796.356,DOT
1647388800,17.69,19.2,17.81,19.04,1608600.521,DOT
1647302400,17.05,18.07,17.69,17.81,692689.656,DOT
1647216000,17.01,17.85,17.22,17.69,867682.419,DOT
1647129600,17.12,18.39,18.14,17.22,1004178.257,DOT
1647043200,17.67,18.75,17.7,18.13,1397001.282,DOT
1646956800,16.7,18.49,16.97,17.7,1662852.807,DOT
1646870400,16.67,17.95,17.89,16.98,822764.367,DOT
1646784000,16.89,18.09,16.96,17.88,1105897.682,DOT
1646697600,16.31,17.27,16.4,16.97,915384.364,DOT
1646611200,16,17.14,16.98,16.4,1442337.712,DOT
1646524800,16.53,17.59,17.32,16.99,926071.032,DOT
1646438400,16.19,17.82,16.79,17.32,1001522.938,DOT
1646352000,16.45,18.07,18.03,16.79,1527062.294,DOT
1646265600,17.77,18.67,18.62,18.03,1097912.355,DOT
1646179200,18.36,19.27,18.91,18.61,1480588.781,DOT
1646092800,18.33,19.58,18.95,18.9,2039475.373,DOT
1646006400,16.65,19.12,17.5,18.95,2301877.57,DOT
1645920000,17.03,18.73,18.05,17.5,1687655.578,DOT
1645833600,17.19,18.77,17.28,18.04,1908473.107,DOT
1645747200,15.8,17.54,16.18,17.28,1469108.58,DOT
1645660800,14.06,16.76,15.97,16.17,3895684.449,DOT
1645574400,15.92,17.52,16.61,15.97,1657854.217,DOT
1645488000,15.8,16.73,16.18,16.61,1562824.419,DOT
1645401600,16.03,17.75,16.92,16.19,1831585.691,DOT
1645315200,16.68,17.88,17.86,16.92,1548351.069,DOT
1645228800,17.34,18.23,17.83,17.86,916207.556,DOT
1645142400,17.61,18.61,18.17,17.83,1225964.485,DOT
1645056000,17.79,20.03,19.78,18.16,1369704.414,DOT
1644969600,19.08,20.21,20.2,19.78,1034180.126,DOT
1644883200,18.64,20.35,18.71,20.19,990630.926,DOT
1644796800,18.03,18.95,18.75,18.7,1061028.343,DOT
1644710400,18.39,19.29,18.84,18.75,1088392.176,DOT
1644624000,18.27,19.44,18.99,18.82,1332706.068,DOT
1644537600,18.58,20.75,20.51,18.99,1714048.819,DOT
1644451200,20.51,22.48,21.96,20.51,1572951.398,DOT
1644364800,21.06,22.27,21.69,21.97,1197840.103,DOT
1644278400,21.09,23.2,22.38,21.68,1705236.489,DOT
1644192000,21.42,22.72,21.93,22.37,1815787.396,DOT
1644105600,20.81,21.95,21.34,21.91,1003685.386,DOT
1644019200,20.32,22.31,20.51,21.35,1722594.167,DOT
1643932800,18.72,20.54,18.91,20.51,1732153.176,DOT
1643846400,17.97,18.97,18.78,18.93,1550301.534,DOT
1643760000,18.54,20.6,19.59,18.76,2171038.611,DOT
1643673600,19.16,20.01,19.4,19.58,2431019.645,DOT
1643587200,17.13,19.96,18.15,19.39,2716580.212,DOT
1643500800,17.81,19.02,18.74,18.16,1193153.193,DOT
1643414400,18.08,19.06,18.34,18.75,1241137.616,DOT
1643328000,17.36,18.5,18.12,18.34,1650696.285,DOT
1643241600,17.15,18.41,18.09,18.13,1887235.749,DOT
1643155200,17.54,20.05,18.32,18.09,3291248.545,DOT
1643068800,17.37,19.06,18.04,18.32,2398370.714,DOT
1642982400,15.83,18.83,18.82,18.03,4108465.128,DOT
1642896000,17.72,19.21,18.26,18.82,2732726.312,DOT
1642809600,16.22,20.18,19.66,18.26,4994948.829,DOT
1642723200,19.06,23.48,22.99,19.67,3957612.352,DOT
1642636800,22.85,25.61,24.07,23,1436273.885,DOT
1642550400,23.7,25.32,25.15,24.06,1310716.292,DOT
1642464000,24.26,26.15,25.7,25.15,1505036.898,DOT
1642377600,25.1,27.76,27.69,25.68,1676067.207,DOT
1642291200,27.27,28.47,27.62,27.71,899826.714,DOT
1642204800,26.84,28.45,27.75,27.64,897079.682,DOT
1642118400,25.55,27.91,25.8,27.77,1635402.678,DOT
1642032000,25.71,27.69,27.33,25.82,1219806.641,DOT
1641945600,25.46,27.62,25.57,27.35,1795875.941,DOT
1641859200,23.5,26.02,23.72,25.55,1840782.479,DOT
1641772800,22.42,25.23,24.63,23.72,2424300.012,DOT
1641686400,23.68,25.33,24,24.63,2095947.873,DOT
1641600000,23.13,25.53,24.89,24,2916917.377,DOT
1641513600,24.23,26.84,26.71,24.88,3495708.36,DOT
1641427200,25.48,27.42,26.71,26.71,2944998.821,DOT
1641340800,25.06,30.45,28.69,26.71,3065293.209,DOT
1641254400,28.67,30.6,30.1,28.69,2480775.938,DOT
1641168000,28.63,30.9,29.71,30.09,3322402.674,DOT
1641081600,27.83,30.63,28.62,29.7,2003380.445,DOT
1640995200,26.66,28.65,26.66,28.61,1604343.378,DOT
1640908800,26.21,28.14,27.55,26.67,2652575.292,DOT
1640822400,26.18,28.42,26.81,27.53,2426312.674,DOT
1640736000,26.5,28.96,27.85,26.81,2485644.998,DOT
1640649600,27.46,30.99,30.99,27.84,3530468.248,DOT
1640563200,30.82,32.83,31.34,30.97,1983084.378,DOT
1640476800,28.29,31.81,28.88,31.34,2495296.119,DOT
1640390400,27.98,29.21,28.18,28.86,1017359.685,DOT
1640304000,27.86,29.69,29.17,28.17,1593007.316,DOT
1640217600,26.75,29.86,27.24,29.17,2791321.031,DOT
1640131200,24.98,28.23,25.17,27.24,2996521.666,DOT
1640044800,23.73,25.6,24.08,25.17,2172561.444,DOT
1639958400,23.12,25.01,24.79,24.08,2571597.588,DOT
1639872000,24.63,25.88,25.51,24.78,1586916.123,DOT
1639785600,24.22,25.74,24.65,25.49,2039996.484,DOT
1639699200,24.17,26.21,26.02,24.66,3043653.715,DOT
1639612800,25.75,27.86,27.17,26.01,3050258.326,DOT
1639526400,24.25,28.15,26.19,27.17,3215663.816,DOT
1639440000,25,26.7,25.99,26.2,2865039.372,DOT
1639353600,25.56,29.87,29.56,25.97,3446579.235,DOT
1639267200,27.33,30.01,27.83,29.55,1905078.576,DOT
1639180800,25.81,28.21,26.43,27.82,2729161.7,DOT
1639094400,25.67,28.44,26.94,26.44,2602565.298,DOT
1639008000,26.804,30.18,29.873,26.94,2610199.858,DOT
1638921600,27.963,30.664,30.539,29.83,2493358.648,DOT
1638835200,27.744,31.517,28.184,30.551,3412921.095,DOT
1638748800,24.87,28.989,28.375,28.184,4880826.264,DOT
1638662400,26.395,29.796,29.431,28.373,3540685.619,DOT
1638576000,25.633,33.874,33.719,29.463,4687318.894,DOT
1638489600,32.55,36.883,35.79,33.71,2894480.944,DOT
1638403200,35.115,36.84,36.813,35.791,2200167.856,DOT
1638316800,36.24,38.795,37.996,36.827,3336733.3,DOT
1638230400,35.397,39.4,37.153,37.982,2136360.897,DOT
1638144000,35.443,37.586,35.789,37.146,1849733.045,DOT
1638057600,32.23,35.888,35.167,35.785,2242886.035,DOT
1637971200,34.463,35.973,34.588,35.167,1523111.889,DOT
1637884800,33.713,39.648,39.513,34.591,3506433.892,DOT
1637798400,38.059,40.964,38.297,39.469,1446436.438,DOT
1637712000,38.064,40.805,40.79,38.297,1799408.39,DOT
1637625600,38.577,41.493,39.513,40.776,1532225.493,DOT
1637539200,38.828,42.18,42.018,39.525,1757167.492,DOT
1637452800,40.656,43.656,42.141,41.976,1436092.232,DOT
1637366400,39.886,42.14,41.262,42.14,1172937.353,DOT
1637280000,38.403,42.333,39.059,41.264,2132533.632,DOT
1637193600,37.613,43.292,42.758,39.062,3158204.952,DOT
1637107200,38.56,42.791,40.869,42.778,2900525.236,DOT
1637020800,38.09,44.767,44.757,40.87,4453819.24,DOT
1636934400,44.53,47.481,46.424,44.758,1467116.383,DOT
1636848000,45.043,47.859,47.098,46.404,966237.023,DOT
1636761600,44.886,47.555,45.92,47.098,1230022.489,DOT
1636675200,44.053,47.752,47.464,45.939,2439714.914,DOT
1636588800,45.577,49.473,46.794,47.49,2329324.686,DOT
1636502400,42.341,52.021,50.788,46.797,3892757.796,DOT
1636416000,50.51,53.457,53.393,50.77,2002934.54,DOT
1636329600,51.679,53.905,52.264,53.41,1825931.59,DOT
1636243200,51.359,53.514,52.087,52.253,1434427.296,DOT
